Breakfast,Lunch,Snacks,Dinner,Calories,Carbs,Total Fat,Saturated Fat,Protein,Fiber,Cholesterol,Sodium,Sugar,Potassium,Magnesium,Phosphorus,Vitamin C,Vitamin A,Calcium,Iron,Zinc,Vitamin E,Vitamin K,food_items
1,0,1,0,94.64,25.48,0.364,0.182,0.546,4.368,0.0,0.0,18.2,194.74,9.1,20.02,8.372,10.92,0.3276,4.004,10.92,0.182,0.091,Apple
1,0,1,0,26.4,6.05,0.22,0.0,0.77,1.1,0.0,0.55,4.95,142.45,5.5,12.65,5.5,1059.3,0.4895,1.705,7.15,0.2145,0.11,Apricot
1,0,1,0,48.0,2.7,0.6,0.09,0.6,0.6,0.0,0.0,0.06,75.0,8.7,15.6,3.0,2.1,0.621,6.3,3.6,0.18,0.18,Avocado
1,0,1,0,105.02,27.14,0.354,0.118,1.298,3.068,0.0,1.18,14.16,422.44,31.86,25.96,10.266,1.18,0.118,0.59,5.9,0.354,0.177,Banana
1,0,1,0,71.5,17.16,0.715,0.0,1.43,4.29,0.0,1.43,4.29,1082.51,41.47,42.9,41.899,1258.4,2.431,1.287,77.22,2.288,1.0868,Black Chokeberry
1,0,1,0,89.28,20.16,1.008,0.0,2.88,11.52,0.0,1.44,10.08,335.52,28.8,31.68,30.24,308.16,1.2528,28.512,41.76,0.8928,0.7632,Blackberries
1,0,1,0,84.36,20.72,1.036,0.0,1.036,3.552,0.0,1.48,14.8,168.72,10.36,19.24,14.356,79.92,0.8436,28.564,8.88,0.444,0.2368,Blueberries
1,0,1,0,64.32,16.08,0.402,0.134,1.072,2.144,0.0,32.16,14.74,357.78,20.1,22.78,49.178,4531.88,0.067,3.35,12.06,0.268,0.1876,Cantaloupe
1,0,1,0,70.0,16.8,0.42,0.0,1.4,2.8,0.0,0.0,14.0,242.2,12.6,23.8,9.8,89.6,0.098,2.94,18.2,0.42,0.14,Cherry
1,0,1,0,46.0,12.0,0.1,0.0,0.4,4.6,0.0,2.0,4.0,85.0,6.0,13.0,13.3,60.0,1.2,5.0,8.0,0.25,0.1,Cranberry
1,0,1,0,15.84,4.32,0.048,0.0,0.192,0.384,0.0,0.0,3.84,40.08,3.36,14.88,0.528,35.76,0.012,0.648,4.8,0.216,0.036,Date Palm
1,0,1,0,867.51,157.95,31.59,10.692,8.748,22.356,0.0,4.86,65.61,2573.37,221.13,274.59,47.871,106.92,3.5964,6.804,14.58,3.5721,0.6804,Durian
1,0,1,0,105.85,26.1,0.725,0.0,1.015,10.15,0.0,8.7,14.5,588.7,26.1,43.5,52.2,1261.5,1.45,10.15,55.1,0.725,0.1595,Elderberry
1,0,1,0,103.6,22.4,0.98,0.0,3.5,7.0,0.0,2.8,15.4,793.8,42.0,71.4,15.4,3500.0,1.022,42.0,35.0,1.82,1.4,Golden berries
1,0,1,0,99.0,22.5,0.9,0.0,2.25,9.0,0.0,3.0,12.0,297.0,25.5,43.5,41.55,435.0,0.285,41.55,49.5,0.465,0.435,Gooseberries
1,0,1,0,64.68,16.94,1.694,0.0,1.232,3.08,0.0,0.0,13.86,255.64,16.94,27.72,48.048,177.1,0.2002,0.154,13.86,0.154,0.1078,Grapefruit
1,0,1,0,63.48,16.56,0.184,0.092,0.644,0.736,0.0,0.92,13.8,161.92,6.44,18.4,2.944,2.76,0.1748,13.432,9.2,0.276,0.1012,Grapes
1,0,1,0,20.9,4.95,0.33,0.11,0.77,1.65,0.0,1.1,2.75,142.45,7.7,9.35,125.565,343.2,0.4015,1.43,9.9,0.143,0.1265,Guava
1,0,1,0,155.1,39.6,0.99,0.495,2.475,4.29,0.0,4.95,31.35,739.2,59.4,100.65,22.77,181.5,0.561,5.445,56.1,0.3795,0.693,Jackfruit
1,0,1,0,22.39,5.67,0.0567,0.0,0.3402,1.84275,0.0,0.8505,3.6855,70.875,2.835,6.5205,19.5615,0.0,0.031185,0.14175,6.5205,0.14175,0.02835,Jujube
1,0,1,0,0.18,0.06,0.006,0.0,0.006,0.036,0.0,0.0,0.0,0.6,0.12,0.24,1.38,40.2,0.138,3.0,5.22,0.114,0.048,Juniper Berries
1,0,1,0,46.36,11.4,1.976,0.304,0.684,1.596,0.0,2.28,6.84,180.12,9.12,17.48,70.452,66.12,1.1096,30.628,2.28,0.228,0.076,Kiwi
1,0,1,0,114.0,28.5,0.19,0.0,2.47,2.09,0.0,1.9,26.6,505.4,19.0,47.5,161.31,0.0,0.19,0.0,1.9,0.19,0.19,Longan Fruit
1,0,1,0,125.4,32.3,0.76,0.19,3.04,2.47,0.0,1.9,28.5,324.9,15.2,58.9,135.85,0.0,0.19,0.0,9.5,0.57,0.19,Lychee
1,0,1,0,163.35,41.25,0.66,0.165,1.32,4.29,0.0,1.65,37.95,457.05,29.7,33.0,60.06,178.2,1.485,6.93,18.15,0.33,0.132,Mango
1,0,1,0,82.68,20.28,0.468,0.0,2.028,2.184,0.0,17.16,18.72,421.2,21.84,34.32,57.252,162.24,0.156,9.828,14.04,0.312,0.312,Melon
1,0,1,0,60.2,14.0,0.56,0.14,1.96,3.36,0.0,5.6,11.2,271.6,25.2,42.0,50.96,93.8,2.52,0.98,54.6,1.96,0.28,Mulberry
1,0,1,0,85.2,21.3,0.568,0.0,2.13,3.408,0.0,0.0,17.04,404.7,22.72,32.66,7.668,9.94,0.994,3.124,8.52,0.426,0.142,Nectarines
1,0,1,0,72.38,18.48,16.94,0.0,1.386,4.774,0.0,0.0,13.86,278.74,15.4,21.56,81.928,346.5,0.2772,0.0,6.16,0.154,0.1232,Orange
1,0,1,0,77.0,19.6,0.28,0.14,1.26,3.5,0.0,11.2,15.4,254.8,28.0,28.0,85.26,459.2,0.42,2.38,28.0,0.42,0.14,Papaya
1,0,1,0,3.06,0.72,0.018,0.0,0.144,0.342,0.0,0.0,0.36,12.24,0.9,1.98,5.4,22.86,0.018,0.0,2.16,0.288,0.018,Passion Fruit
1,0,1,0,101.46,26.7,0.178,0.0,1.068,5.518,0.0,1.78,17.8,370.24,12.46,28.48,7.654,0.0,0.178,8.01,16.02,0.356,0.178,Pear
1,0,1,0,198.24,52.08,0.672,0.168,1.68,10.08,0.0,1.68,35.28,453.6,23.52,55.44,12.6,136.08,1.176,4.368,13.44,0.336,0.168,Persimmon
1,0,1,0,82.5,21.45,0.165,0.0,0.825,2.31,0.0,3.3,16.5,297.0,33.0,21.45,78.87,95.7,0.033,1.155,21.45,0.495,0.198,Pineapple
1,0,1,0,30.36,7.26,0.198,0.0,0.462,0.924,0.0,0.0,5.94,68.64,3.3,9.24,6.27,227.7,0.198,4.224,3.96,0.132,0.066,Plum
1,0,1,0,234.06,53.58,3.384,0.564,4.794,11.28,0.0,8.46,36.66,939.06,101.52,101.52,28.764,0.0,1.692,46.248,28.2,0.846,0.564,Pomegranate
1,0,1,0,114.38,28.896,0.301,0.0,2.408,3.913,0.0,3.01,19.565,951.16,51.17,72.24,183.61,346.15,0.602,1.505,12.04,0.301,0.301,Pomelo
1,0,1,0,6.21,1.485,0.018,0.0,0.081,0.162,0.0,0.18,1.233,6.84,0.9,1.98,0.441,0.0,0.018,0.009,1.98,0.018,0.009,Rambutan
1,0,1,0,63.96,14.76,0.861,0.0,1.476,7.995,0.0,1.23,6.15,228.78,19.68,36.9,32.226,31.98,1.107,9.594,27.06,0.861,0.492,Raspberry
1,0,1,0,60.27,14.76,0.861,0.0,1.722,4.428,0.0,1.23,4.92,249.69,17.22,34.44,72.324,71.34,0.615,3.075,3.69,0.369,0.123,Redberries
1,0,1,0,25.62,6.1,0.244,0.0,1.098,2.684,0.0,1.22,1.586,223.26,14.64,24.4,25.62,1250.5,0.122,35.746,104.92,0.244,0.122,Rhubarb
1,0,1,0,28.21,5.46,0.182,0.0,1.274,2.548,0.0,1.82,3.64,121.03,3.64,10.92,31.304,0.0,0.273,1.456,27.3,0.364,0.273,Starfruit
1,0,1,0,68.6,16.8,0.7,0.0,1.4,4.2,0.0,1.4,9.8,208.6,21.0,33.6,82.32,16.8,0.406,3.08,22.4,0.574,0.196,Strawberry
1,0,1,0,46.64,11.44,0.264,0.0,0.704,1.584,0.0,0.0,7.92,146.08,7.04,12.32,23.496,599.28,0.176,0.44,32.56,0.088,0.088,Tangerine
1,0,1,0,109.2,27.3,0.364,0.0,2.73,6.188,0.0,0.0,21.84,535.08,25.48,49.14,103.74,231.14,0.546,0.91,63.7,0.182,0.182,Uglifruit
1,0,1,0,85.8,22.88,0.572,0.0,1.716,1.716,0.0,5.72,17.16,915.2,40.04,31.46,23.166,1627.34,0.4004,0.286,28.6,0.6864,0.286,Watermelon
0,1,0,1,123.0,25.0,0.8,0.1,4.5,3.6,0.0,2.0,1.55,363.0,138.0,350.0,0.0,0.0,33.0,3.93,2.65,0.08,3.6,Harrd Red Wheat
0,1,0,1,125.0,25.3,0.9,0.1,3.6,3.5,0.0,2.0,1.22,327.0,110.0,306.0,0.0,0.0,34.0,2.16,1.63,0.35,2.6,Soft Red Wheat
0,1,0,1,125.0,26.0,0.8,0.1,4.5,3.6,0.0,2.0,0.99,355.0,139.0,346.0,0.0,0.0,32.0,3.6,2.63,0.1,2.2,Hard White Wheat
0,1,0,1,124.0,25.4,0.6,0.1,4.5,3.6,0.0,2.0,1.31,354.0,138.0,346.0,0.0,0.0,34.0,2.66,1.97,0.07,2.2,Soft White Wheat
0,1,0,1,123.0,25.6,0.6,0.1,4.9,3.9,0.0,2.0,1.71,303.0,144.0,303.0,0.0,0.0,51.0,4.57,2.77,0.5,1.9,Durum Wheat
0,1,0,1,343.0,70.0,2.5,0.5,12.0,9.0,0.0,0.0,1.38,370.0,32.0,262.0,1.7,0.0,60.0,4.31,3.06,0.79,1.9,Einkorn Wheat
0,1,0,1,135.0,28.2,0.9,0.2,5.8,3.5,0.0,6.0,2.43,382.0,136.0,401.0,0.0,0.0,44.0,2.43,1.95,0.47,4.3,Spelt Wheat
0,1,0,1,136.0,28.7,1.7,0.2,6.3,4.7,0.0,12.0,1.57,360.0,97.0,358.0,0.0,0.0,38.0,3.63,2.33,0.9,1.8,Emmer Wheat
0,1,0,1,110.5,23.8,0.17,0.085,2.295,0.255,0.0,0.85,0.102,29.75,21.25,97.75,0.0,0.0,8.5,0.68,0.5355,0.0425,0.085,White Rice
0,1,0,1,95.2,19.975,0.765,0.17,2.21,1.53,0.0,0.85,0.7225,36.55,37.4,93.5,0.0,0.0,8.5,0.68,0.9265,0.1445,1.36,Brown Rice
0,1,0,1,370.0,79.0,0.8,0.2,7.3,1.3,0.0,1.0,0.12,35.0,24.0,79.0,0.0,0.0,5.0,1.08,0.99,0.08,0.4,Basmati Rice
0,1,0,1,130.0,28.0,0.3,0.1,2.7,0.3,0.0,1.0,0.03,35.0,20.0,73.0,0.0,0.0,3.0,0.8,0.68,0.11,1.2,Jasmine Rice
0,1,0,1,97.0,21.7,0.2,0.1,1.8,0.3,0.0,4.0,0.33,50.0,18.0,98.0,0.0,0.0,8.0,1.2,0.7,0.12,0.3,Arborio Rice
0,1,0,1,335.0,75.0,3.3,0.7,6.8,3.0,0.0,0.0,6.3,280.0,143.0,370.0,0.0,0.0,28.0,3.5,1.8,0.8,16.3,Black Rice
0,1,0,1,111.0,23.5,0.9,0.2,2.6,1.8,0.0,4.0,1.1,257.0,56.0,150.0,0.0,0.0,33.0,1.47,2.15,1.08,1.4,Red Rice
0,1,0,1,101.0,21.3,0.4,0.1,4.0,1.8,0.0,7.0,0.35,427.0,44.0,306.0,0.0,0.0,10.0,1.44,2.03,1.29,1.9,Wild RIce
0,1,0,1,175.96,39.84,1.66,0.332,4.98,3.32,0.0,58.1,2.822,476.42,210.82,408.36,0.0,0.0,11.62,0.83,0.498,0.166,0.0,Dent Corn
0,1,0,1,123.25,27.55,1.45,0.29,4.35,2.9,0.0,21.75,4.669,391.5,53.65,129.05,9.86,275.5,2.9,0.754,0.3915,0.0435,0.435,Sweet Corn
0,1,0,1,92.88,18.72,0.96,0.168,3.12,3.84,0.0,0.48,0.072,59.52,27.36,21.36,0.0,0.0,2.4,0.6504,0.2232,0.0696,0.0,Popcorn
0,1,0,1,324.0,68.4,3.6,0.45,8.1,6.3,0.0,9.0,0.783,258.3,114.3,189.0,0.0,0.0,6.3,2.439,0.414,0.009,0.0,Flint Corn
0,1,0,1,57.6,12.48,0.16,0.0,1.44,1.28,0.0,2.56,0.2992,45.92,20.32,33.6,0.0,0.0,1.12,0.4336,0.0736,0.0016,0.0,Flour Corn
0,1,0,1,73.1,15.3,0.85,0.0,2.55,1.7,0.0,0.85,0.544,230.35,31.45,75.65,0.0,0.0,0.85,0.442,0.2295,0.0255,0.0,Waxy Corn
0,1,0,1,389.0,66.0,7.0,1.0,17.0,10.0,0.0,0.0,1.07,429.0,138.0,180.0,0.0,0.0,54.0,4.72,1.29,0.45,0.0,Rolled Oats
0,1,0,1,378.0,68.0,7.0,1.0,14.0,10.0,0.0,0.0,0.99,350.0,138.0,180.0,0.0,0.0,54.0,4.72,1.29,0.45,0.0,Steel-cut Oats
0,1,0,1,379.0,67.0,6.5,1.0,13.0,10.0,0.0,5.0,0.77,355.0,110.0,180.0,0.0,0.0,54.0,4.72,1.29,0.45,0.0,Quick Oats
0,1,0,1,389.0,67.0,6.9,1.2,12.0,10.0,0.0,202.0,0.76,259.0,32.0,89.0,0.0,0.0,11.0,1.31,0.27,0.11,0.0,Instant Oats
0,1,0,1,379.0,68.0,6.5,1.0,13.0,10.0,0.0,2.0,1.55,429.0,139.0,410.0,0.0,0.0,52.0,4.72,1.29,0.03,0.0,Oat Groats
0,1,0,1,354.0,73.0,2.3,0.4,10.0,17.0,0.0,12.0,0.8,280.0,79.0,221.0,0.0,0.0,29.0,1.03,0.67,0.19,1.2,Hulled Barley
0,1,0,1,352.0,77.0,1.2,0.3,9.9,15.6,0.0,10.0,0.8,280.0,79.0,221.0,0.0,0.0,29.0,1.03,0.67,0.19,1.2,Pearled Barley
0,1,0,1,354.0,77.7,2.3,0.5,9.5,15.6,0.0,12.0,0.0,452.0,79.0,221.0,0.0,0.0,11.0,2.5,2.7,0.0,2.2,Scotch Barley
0,1,0,1,580.8,121.275,3.795,0.825,16.995,25.74,0.0,4.95,1.32,462.0,57.75,179.85,0.0,0.0,13.2,4.125,2.475,0.0,2.475,Barley Flakes
0,1,0,1,352.0,76.0,1.3,0.3,8.2,15.0,0.0,3.0,0.8,280.0,35.0,109.0,0.0,0.0,8.0,2.5,1.5,0.0,1.5,Barley Grits
0,1,0,1,422.4,87.6,2.76,0.48,12.48,18.72,0.0,1.2,1.68,396.0,46.8,130.8,0.0,0.0,34.8,3.0,2.4,0.0,2.64,Barley Flour
0,1,0,1,424.8,87.6,2.4,0.48,14.4,18.0,0.0,8.4,0.0,336.0,94.8,265.2,0.0,0.0,13.2,3.96,3.6,0.0,3.96,Purple Barley
0,1,0,1,147.6,31.44,1.08,0.6,4.2,4.68,0.0,14.4,0.96,336.0,159.6,134.4,0.0,0.0,33.6,3.0,2.64,0.96,3.0,Black Barley
0,1,0,1,44.4,9.768,0.288,0.06,2.376,3.48,0.0,15.6,1.08,456.0,142.8,102.0,1.44,8.4,34.8,3.24,2.64,0.36,2.76,Sprouted Barley
0,1,0,1,168.0,38.155,0.96,0.14,4.86,7.8,0.0,3.0,0.55,167.0,60.5,175.0,0.25,0.0,17.0,0.9,0.85,0.25,1.35,Whole Rye
0,1,0,1,152.1,31.095,0.72,0.135,4.23,6.795,0.0,0.9,0.585,148.5,61.65,139.95,0.0,0.0,16.2,1.62,1.53,0.36,0.99,Rye Flakes
0,1,0,1,33.5,7.22,0.13,0.02,0.88,1.51,0.0,0.3,0.16,35.0,12.1,35.0,0.0,0.0,3.3,0.27,0.16,0.05,0.22,Rye Flour
0,1,0,1,300.0,61.2,1.92,0.36,9.12,9.36,0.0,8.4,4.56,384.0,70.8,192.0,0.0,0.0,18.0,1.8,1.68,0.48,1.68,Pumpernickel
0,1,0,1,72.0,12.8,0.48,0.112,2.24,2.56,0.0,100.8,1.76,43.84,11.84,23.68,0.0,0.0,12.16,0.384,0.224,0.032,0.512,Rye Bread
0,1,0,1,222.0,39.405,3.515,0.37,8.14,5.18,0.0,9.25,1.665,318.2,118.4,281.2,0.0,0.0,31.45,5.18,2.035,2.035,1.11,White Quinoa
0,1,0,1,150.0,26.625,2.375,0.25,5.5,3.5,0.0,8.75,1.125,215.0,80.0,190.0,0.0,0.0,21.25,3.5,1.375,1.375,0.75,Red Quinoa
0,1,0,1,162.0,28.755,2.565,0.27,5.94,3.78,0.0,9.45,2.025,232.2,86.4,205.2,0.0,0.0,22.95,3.78,1.485,1.485,0.81,Black Quinoa
0,1,0,1,144.0,25.2,2.4,0.0,4.8,3.36,0.0,6.0,4.08,675.6,236.4,548.4,2.04,0.0,37.2,5.52,3.36,2.88,1.8,Tri-color Quinoa
0,1,0,1,120.0,21.0,2.0,0.2,4.0,2.8,0.0,7.0,1.4,563.0,197.0,457.0,1.1,0.0,31.0,4.6,2.8,2.4,1.5,Purple Quinoa
0,1,0,1,192.0,33.6,3.2,0.0,6.4,4.0,0.0,11.2,1.44,900.8,315.2,731.2,1.76,0.0,49.6,7.36,4.48,3.84,2.4,High-altitude Quinoa
0,1,0,1,192.0,33.6,3.2,0.0,6.4,4.0,0.0,8.0,5.44,900.8,315.2,731.2,2.72,0.0,49.6,7.36,4.48,3.84,2.4,Golden Quinoa
0,1,0,1,202.3,40.29,2.21,0.51,5.27,2.21,0.0,28.9,1.36,595.0,193.8,484.5,0.0,0.0,40.8,5.27,3.06,2.89,0.0,Pearl Millet
0,1,0,1,178.5,37.8,1.8,0.45,4.8,1.95,0.0,25.5,0.9,450.0,94.5,435.0,0.0,0.0,46.5,4.2,2.4,1.2,0.0,Foxtail Millet
0,1,0,1,119.0,23.0,1.3,0.3,3.3,3.5,0.0,34.0,0.8,344.0,114.0,387.0,0.0,0.0,344.0,3.9,2.7,1.4,0.0,Finger Millet
0,1,0,1,119.0,25.3,0.7,0.2,3.5,1.8,0.0,4.0,0.7,135.0,51.0,112.0,0.0,0.0,8.0,0.8,0.8,0.2,0.0,Proso Millet
0,1,0,1,168.78,37.758,1.044,0.174,6.264,3.132,0.0,15.66,2.784,339.3,55.68,509.82,0.0,0.0,19.14,11.658,4.872,1.914,0.0,Barnyard Millet
0,1,0,1,104.0,21.66,1.19,0.25,3.3,1.2,0.0,27.0,0.9,241.0,37.0,293.0,0.0,0.0,27.0,0.9,0.9,0.1,0.0,Kodo Millet
0,1,0,1,119.0,25.2,1.3,0.3,3.6,7.6,0.0,17.0,1.4,205.0,25.0,211.0,0.0,0.0,17.0,9.3,2.2,0.2,0.0,Little Millet
0,1,0,1,176.75,41.4225,0.9975,0.1925,5.88,6.125,0.0,3.5,3.675,612.5,315.0,502.25,0.0,0.0,49.0,7.7,2.625,0.7,0.0,Grain Sorghum
0,1,0,1,234.52,54.12,1.64,0.0,6.56,4.92,0.0,6.56,24.6,557.6,73.8,246.0,0.0,32.8,36.08,4.428,1.476,0.164,0.0,Sweet Sorghum
0,1,0,1,559.3,126.82,5.61,1.02,18.02,10.71,0.0,6.8,19.21,462.4,76.5,256.7,0.0,0.0,28.9,5.78,1.53,0.34,0.0,Broomcorn Sorghum
0,1,0,1,372.9,79.31,3.63,0.66,11.44,6.93,0.0,30.8,0.77,308.0,81.4,311.3,0.0,0.0,30.8,3.63,1.43,0.55,0.0,Black Sorghum
0,1,0,1,132.0,27.5,1.1,0.0,3.3,3.3,0.0,2.2,0.66,385.0,149.6,315.7,0.0,0.0,30.8,3.85,1.32,0.55,0.0,White Sorghum
0,1,0,1,111.1,25.3,0.66,0.11,3.85,6.6,0.0,2.2,4.29,366.3,181.5,315.7,0.0,0.0,27.5,4.84,1.76,0.22,0.0,Red Sorghum
0,1,0,1,153.64,33.4,1.002,0.167,5.678,4.676,0.0,1.67,5.678,768.2,385.77,579.49,0.0,0.0,16.7,4.008,1.837,0.501,0.0,Common Buckwheat
0,1,0,1,161.0,35.0875,1.05,0.245,5.425,5.775,0.0,0.0,6.3,404.25,404.25,607.25,0.0,0.0,43.75,16.625,2.275,2.625,0.0,Tartary Buckwheat
0,1,0,1,156.4,33.898,1.054,0.2023,5.78,4.76,0.0,3.4,1.53,572.9,392.7,589.9,0.0,0.0,40.8,4.08,2.38,0.68,0.0,Silverhull Buckwheat
0,1,0,1,156.4,33.83,1.02,0.17,5.78,2.55,0.0,1.7,5.78,782.0,392.7,589.9,0.0,0.0,17.0,4.08,1.87,0.51,0.0,Buckwheat Groats
0,1,0,1,92.0,18.7,0.6,0.1,3.4,2.8,0.0,1.0,0.9,460.0,231.0,347.0,0.0,0.0,10.0,2.4,1.1,0.3,0.0,Kasha
0,1,0,1,102.0,19.0,2.0,0.5,4.0,2.0,0.0,4.0,1.6,332.0,248.0,557.0,0.0,0.0,159.0,7.6,2.2,0.9,0.5,Amaranth (Ramdana)
0,1,0,1,101.0,20.6,0.9,0.2,3.9,2.8,0.0,12.0,2.6,427.0,184.0,367.0,0.0,0.0,180.0,7.6,2.1,3.1,0.0,Ivory Teff
0,1,0,1,131.3,27.04,1.17,0.26,5.07,3.64,0.0,46.8,3.38,555.1,239.2,477.1,0.0,0.0,234.0,9.88,2.73,4.03,0.0,Brown Teff
0,1,0,1,477.1,94.9,3.12,0.65,17.29,10.4,0.0,46.8,3.12,555.1,239.2,477.1,0.0,0.0,234.0,9.88,2.73,4.03,0.0,Mixed Teff
0,1,0,1,135.0,28.76,0.87,0.14,5.81,3.8,0.0,7.0,2.4,246.0,136.0,401.0,0.0,0.0,44.0,3.2,2.4,0.8,0.0,Spelt
0,1,0,1,74.5,15.0,0.5,0.0,3.0,2.5,0.0,4.0,0.5,181.5,67.5,181.5,0.0,0.0,17.5,1.35,0.3,0.2,0.0,Kamut
0,1,0,1,132.0,24.7,1.7,0.3,5.3,4.4,0.0,4.0,1.4,370.0,68.0,290.0,0.0,0.0,25.0,4.0,1.6,0.5,0.0,Emmer Farro
0,1,0,1,119.0,23.5,0.8,0.1,3.9,3.2,0.0,7.0,2.4,246.0,136.0,401.0,0.0,0.0,44.0,3.2,2.4,0.8,0.0,Spelt Farro
0,1,0,1,124.5,27.9,0.3,0.0,4.5,6.75,0.0,4.5,0.15,180.0,42.0,75.0,0.0,0.0,16.5,1.2,0.45,0.45,2.4,Bulgur( Dalia)
0,0,1,0,384.0,52.8,14.4,9.0,15.2,4.8,48.0,276.0,46.8,820.0,94.0,490.0,1.8,272.0,1.5,6.8,500.0,4.8,1.6,Hot Chocolate
0,0,1,0,306.0,32.7,0.15,0.0,0.15,0.15,0.0,15.0,29.25,87.0,7.5,15.0,0.75,9.0,0.0,0.0,0.0,0.0,0.0,Mulled Wine
0,0,1,0,162.0,17.52,9.24,5.76,2.64,0.0,84.0,44.4,15.6,132.0,9.6,48.0,0.0,406.8,1.32,7.8,93.6,0.48,0.6,Affogato
0,0,1,0,74.4,1.68,1.92,0.72,15.12,0.0,24.0,470.4,1.2,429.6,24.0,112.8,0.0,0.0,0.072,0.0,16.8,3.12,0.072,Bone broth
0,0,1,0,50.4,12.0,1.2,0.0,1.68,10.56,0.0,24.0,0.0,626.4,120.0,79.2,0.0,480.0,0.984,3.6,48.0,1.2,0.864,Yerba mate
0,0,1,0,280.0,24.8,0.2,0.0,0.2,0.0,0.0,14.0,19.8,178.0,4.0,24.0,0.0,0.0,0.0,0.0,18.0,0.6,0.08,Gluhwein
0,0,1,0,98.0,24.0,0.0,0.0,0.0,0.0,0.0,16.0,0.0,98.0,20.0,32.0,90.0,0.0,0.0,4.0,1.2,0.06,0.0,Bissap
0,0,1,0,211.2,36.0,4.56,1.2,3.6,1.68,0.0,60.0,33.6,199.2,24.0,192.0,0.0,0.0,1.032,5.28,38.4,2.88,0.624,Horchata
0,0,1,0,134.4,36.0,0.48,0.24,0.24,1.44,0.0,24.0,30.96,252.0,2.4,14.4,10.56,120.0,0.504,0.96,9.6,0.24,0.192,Spiced cider
0,0,1,0,1781.5,213.5,87.5,52.5,17.5,2.45,210.0,763.0,203.0,1134.0,252.0,906.5,0.0,875.0,0.7,2.1,651.0,11.55,1.75,White hot chocolate
0,0,1,0,1298.5,185.5,52.5,42.0,21.0,7.0,3.5,395.5,150.5,1578.5,252.0,742.0,0.7,262.5,3.85,3.5,822.5,11.55,8.05,Coconut hot chocolate
0,0,1,0,1715.0,164.5,80.5,42.0,49.0,14.0,80.5,514.5,136.5,1246.0,427.0,1001.0,0.0,525.0,3.885,2.1,1428.0,17.15,3.85,Peanut butter hot chocolate
0,0,1,0,1480.5,185.5,73.5,42.0,24.5,17.5,80.5,528.5,150.5,1459.5,269.5,840.0,0.35,500.5,2.8,1.75,689.5,13.65,3.15,Mint hot chocolate
0,0,1,0,4.0,1.2,0.0,0.0,0.4,0.0,0.0,4.0,0.0,8.0,0.0,4.0,6.8,4.0,0.08,2.0,20.0,0.8,0.04,Iced Tea
0,0,1,0,192.0,48.0,0.0,0.0,0.4,0.0,0.0,12.0,36.0,168.0,0.0,16.0,18.4,0.0,0.32,0.4,28.0,0.4,0.08,Lemonade
0,0,1,0,273.0,63.0,0.7,0.0,3.85,5.95,3.5,24.5,52.5,574.0,42.0,108.5,94.5,280.0,2.8,7.0,164.5,1.75,1.26,Smoothies
0,0,1,0,420.0,59.5,11.2,7.35,17.85,0.35,56.0,364.0,59.5,882.0,70.0,637.0,1.4,514.5,1.4,0.35,581.0,0.7,1.855,Milkshakes
0,0,1,0,375.0,96.0,0.0,0.0,0.0,0.0,0.0,45.0,84.0,30.0,3.0,48.0,0.0,0.0,0.09,0.0,15.0,0.6,0.03,Slushies
0,0,1,0,35.0,7.5,0.0,0.0,0.0,0.0,0.0,2.5,5.0,50.0,0.0,10.0,1.25,0.0,0.25,0.5,25.0,0.25,0.1,Kombucha
0,0,1,0,10.5,1.4,0.0,0.0,1.05,0.0,0.0,42.0,0.7,133.0,10.5,10.5,0.0,0.0,0.0,0.0,38.5,0.35,0.07,Iced Coffee
0,0,1,0,571.5,99.0,11.25,7.2,19.8,0.0,58.5,436.5,90.0,936.0,63.0,553.5,0.0,711.0,0.9,0.45,657.0,1.35,1.71,Frappuccino
0,0,1,0,147.0,37.1,0.0,0.0,0.0,0.0,0.0,35.0,37.1,0.0,0.0,0.0,0.0,0.0,0.0,0.0,0.0,0.0,0.0,Soda
0,0,1,0,0.0,0.14,0.0,0.0,0.175,0.0,0.0,3.5,0.14,0.0,14.0,0.0,0.0,0.0,0.035,0.0,10.5,0.0,0.0,Sparkling Water
0,0,1,0,0.0,1.75,0.0,0.0,0.0,0.0,0.0,7.0,1.75,0.0,0.0,0.0,0.0,0.0,0.035,0.7,7.0,0.0,0.0,Flavored Water
0,0,1,0,66.5,12.985,0.7,0.63,2.52,3.85,0.0,882.0,9.135,875.0,87.5,70.0,8.4,0.0,0.35,1.75,84.0,1.05,0.7,Coconut Water
0,0,1,0,140.0,34.5,0.0,0.0,0.5,0.0,0.0,230.0,34.5,325.0,5.0,65.0,135.0,540.0,1.2,1.0,45.0,0.2,0.05,Sports Drinks
0,0,1,0,112.5,28.25,0.0,0.0,0.0,0.0,0.0,500.0,25.75,100.0,10.0,50.0,75.0,0.0,0.25,1.25,0.0,1.25,0.25,Energy Drinks
0,0,1,0,2035.0,22.0,38.0,13.5,390.0,6.5,1145.0,3390.0,18.5,10200.0,785.0,7800.0,0.0,10200.0,0.5,0.5,3950.0,74.5,61.0,Protien Shakes
0,0,1,0,112.0,23.45,1.4,0.7,3.85,0.0,21.0,140.0,23.45,196.0,42.0,133.0,3.5,147.0,0.7,1.75,140.0,3.15,1.05,Chai Latte(iced)
0,0,1,0,80.0,16.0,0.0,0.0,0.0,0.0,0.0,240.0,16.0,120.0,16.0,16.0,40.0,0.0,0.4,2.0,40.0,0.8,0.4,Arnold Palmer
0,0,1,0,420.0,105.0,0.0,0.0,0.0,0.0,0.0,87.5,105.0,0.0,0.0,0.0,0.0,0.0,0.0,0.0,0.0,0.0,0.0,Italian Soda
0,0,1,0,120.0,32.0,0.0,0.0,0.0,0.0,0.0,60.0,32.0,280.0,32.0,32.0,40.0,0.0,0.4,6.0,32.0,0.8,0.4,Agua Fresca
0,0,1,0,200.0,40.0,4.0,0.0,8.0,8.0,0.0,160.0,20.0,1200.0,60.0,120.0,80.0,2400.0,2.0,20.0,200.0,2.0,6.0,Green Smoothies
0,0,1,0,420.0,63.0,7.0,3.5,17.5,0.0,70.0,175.0,52.5,700.0,87.5,350.0,105.0,1750.0,1.75,17.5,700.0,5.25,1.75,Mango Lassi
0,0,1,0,0.0,0.0,0.0,0.0,0.0,0.0,0.0,20.0,0.0,0.0,16.0,16.0,40.0,0.0,0.4,2.0,80.0,0.8,0.4,Cucumber Water
0,0,1,0,80.0,20.0,0.0,0.0,0.0,0.0,0.0,20.0,20.0,20.0,20.0,20.0,20.0,20.0,20.0,20.0,20.0,20.0,20.0,Fruit infused Iced Tea
0,0,1,0,640.0,120.0,12.0,8.0,12.0,0.0,40.0,80.0,100.0,360.0,40.0,80.0,0.0,2000.0,0.0,40.0,240.0,4.0,0.4,Thai Iced tea
0,0,1,0,245.0,42.0,7.0,1.75,3.5,3.5,0.0,210.0,31.5,525.0,35.0,210.0,3.5,3500.0,3.5,35.0,420.0,1.75,0.35,Matcha Latte (iced)
0,0,1,0,80.0,20.0,0.0,0.0,0.0,0.0,0.0,20.0,20.0,20.0,20.0,20.0,20.0,20.0,20.0,20.0,20.0,20.0,20.0,Peppermint Iced Tea
0,0,1,0,120.0,32.0,0.0,0.0,0.0,0.0,0.0,40.0,32.0,40.0,40.0,40.0,40.0,4000.0,40.0,40.0,200.0,20.0,0.4,Peach iced Tea
0,0,1,0,119.0,28.0,0.0,0.0,0.0,0.0,0.0,28.0,28.0,17.5,0.0,0.0,0.0,0.0,0.525,0.35,0.0,0.7,0.0,Ginger Beer
0,0,1,0,180.0,48.0,0.0,0.0,0.0,0.0,0.0,28.0,36.0,16.0,16.0,16.0,84.0,240.0,0.12,0.4,28.0,0.4,0.4,Limeade
0,0,1,0,200.0,48.0,2.0,0.0,4.0,4.0,16.0,16.0,36.0,272.0,48.0,212.0,44.0,568.0,1.44,3.6,88.0,76.0,1.6,Blueberry Smoothie
0,0,1,0,931.5,117.0,36.45,22.95,27.45,0.0,144.0,711.0,112.5,1282.5,112.5,1093.5,0.0,1804.5,1.035,1.8,949.5,6.3,3.6,Vanilla Milkshake
0,0,1,0,913.5,117.0,36.45,22.95,27.45,4.05,144.0,679.5,112.5,1192.5,198.0,954.0,0.0,828.0,2.475,1.8,2.7,0.45,0.0,Chocolate Milkshake
0,0,1,0,783.0,130.5,27.0,4.5,9.0,4.5,27.0,576.0,112.5,270.0,126.0,414.0,0.0,0.0,11.745,0.0,661.5,4.905,3.78,Almond Milkshake
0,0,1,0,891.0,103.5,49.5,9.0,13.5,0.0,40.5,391.5,67.5,904.5,364.5,562.5,0.0,0.0,4.68,0.0,112.5,8.91,3.015,Cashew Milkshake
0,0,1,0,156.0,40.0,0.0,0.0,0.0,0.0,0.0,24.0,36.0,44.0,0.0,0.0,18.4,400.0,0.0,0.0,20.0,0.4,0.0,Rose Water Lemonade
0,0,1,0,196.0,48.0,0.0,0.0,0.0,0.0,0.0,20.0,40.0,52.0,0.0,0.0,14.4,240.0,0.0,0.0,24.0,0.4,0.0,Mint Lemonande
0,0,1,0,4.0,1.2,0.0,0.0,0.0,0.0,0.0,8.0,0.8,48.0,0.0,0.0,0.0,0.0,0.0,0.0,0.0,0.0,0.12,Black Iced Tea
0,0,1,0,4.0,0.8,0.0,0.0,0.0,0.0,0.0,4.0,0.8,56.0,0.0,0.0,0.0,0.0,0.0,0.0,0.0,0.0,0.04,White Iced Tea
0,0,1,0,4.0,1.2,0.0,0.0,0.4,0.0,0.0,24.0,1.2,28.0,4.0,4.0,0.0,0.0,0.04,2.0,44.0,0.0,0.04,Rooibos Iced tea
1,1,0,1,30.94,6.006,0.364,0.091,2.548,2.366,0.0,30.03,1.547,287.56,19.11,60.06,81.172,566.93,0.7098,92.456,42.77,0.6643,0.5915,Broccoli
1,1,0,1,25.01,6.1,0.122,0.0,0.549,1.708,0.0,42.09,2.867,195.2,7.32,21.35,3.599,10190.66,0.4026,8.052,20.13,0.183,0.1464,Carrots
1,1,0,1,6.9,1.08,0.12,0.03,0.87,0.66,0.0,6.9,0.12,167.4,23.7,14.7,8.43,140.7,0.15,43.2,29.7,0.243,0.159,Spinach
1,1,0,1,98.04,22.914,0.114,0.0,1.824,3.42,0.0,62.7,4.788,384.18,28.5,53.58,2.736,1044.24,0.2964,2.052,34.2,0.6954,0.342,Sweet Potato
1,1,0,1,22.14,4.797,0.246,0.0,1.107,1.476,0.0,6.15,3.198,291.51,13.53,29.52,16.851,1024.59,0.6642,9.717,12.3,0.3321,0.2091,Tomatoes
1,1,0,1,58.48,13.056,0.272,0.136,2.176,3.808,0.0,106.08,9.248,442.0,31.28,54.4,6.664,44.88,0.0544,0.272,21.76,1.088,0.4352,Beetroot
1,1,0,1,17.5,4.06,0.07,0.0,0.91,1.75,0.0,12.6,2.24,119.0,8.4,18.2,25.62,68.6,0.105,53.2,28.0,0.329,0.126,Cabbage
1,1,0,1,25.0,5.0,0.3,0.1,2.0,2.3,0.0,30.0,1.9,299.0,15.0,44.0,48.2,0.0,0.08,15.5,22.0,0.42,0.29,Cauliflower
1,1,0,1,16.16,3.03,0.202,0.0,0.707,1.616,0.0,80.8,1.818,262.6,11.11,24.24,3.131,453.49,0.3636,29.593,40.4,0.202,0.101,Celery
1,1,0,1,15.6,3.744,0.104,0.0,0.728,0.52,0.0,2.08,1.768,152.88,10.4,24.96,2.912,37.44,0.0312,7.8,16.64,0.312,0.156,Cucumber
1,1,0,1,4.47,0.993,0.015,0.003,0.192,0.063,0.0,0.51,0.03,12.03,0.75,4.59,0.936,0.27,0.0024,0.051,5.43,0.051,0.0243,Garlic
1,1,0,1,8.4,1.624,0.112,0.0,0.784,0.728,0.0,15.68,0.448,108.64,7.28,12.88,5.152,92.96,0.1008,19.488,20.16,0.28,0.168,Lettuce
1,1,0,1,15.4,2.31,0.21,0.07,2.17,0.7,0.0,3.5,1.19,222.6,6.3,60.2,1.47,0.0,0.007,0.35,2.1,0.35,0.364,Mushroom
1,1,0,1,44.0,10.23,0.11,0.0,1.21,1.87,0.0,4.4,4.62,160.6,11.0,31.9,8.14,0.0,0.022,0.44,25.3,0.231,0.187,Onion
1,1,0,1,68.85,11.9,0.34,0.085,4.59,4.42,0.0,3.4,4.845,207.4,28.05,91.8,21.08,649.4,0.1105,20.4,21.25,1.275,1.054,Peas
1,1,0,1,14.8,3.404,0.148,0.0,0.666,1.11,0.0,2.22,1.776,129.5,9.62,14.8,59.496,0.0,0.1036,1.258,7.4,0.222,0.0962,Green Pepper
1,1,0,1,50.22,11.718,0.558,0.0,2.418,4.65,0.0,7.44,8.928,634.26,29.76,57.66,341.31,345.96,0.2604,9.114,18.6,0.558,0.3162,Yellow Pepper
1,1,0,1,22.94,4.366,0.222,0.0,0.962,1.11,0.0,2.96,3.108,140.6,7.4,17.76,94.498,1166.98,0.2738,5.476,7.4,0.222,0.0814,Red Pepper
1,1,0,1,133.21,29.41,0.173,0.0,3.46,3.806,0.0,10.38,1.384,728.33,46.71,76.12,34.081,0.0,0.5017,3.46,20.76,1.038,0.4844,Potato
1,1,0,1,30.16,7.54,0.116,0.0,1.16,0.58,0.0,1.16,3.248,394.4,13.92,24.36,11.02,987.16,0.5104,1.276,24.36,0.232,0.174,Pumpkin
1,1,0,1,18.56,3.944,0.116,0.0,0.812,1.856,0.0,45.24,2.204,270.28,11.6,31.32,17.168,0.0,0.1624,1.508,29.0,0.348,0.116,Radish
1,1,0,1,19.21,3.503,0.339,0.113,1.356,1.13,0.0,9.04,2.825,294.93,20.34,42.94,18.645,226.0,0.113,3.616,18.08,0.339,0.226,Zucchini
1,1,0,1,71.78,17.02,0.074,0.0,1.48,2.22,0.0,2.96,3.626,432.16,22.94,62.16,1.036,0.0,0.296,0.0,8.88,0.666,1.036,Water Chestnut
1,1,0,1,36.4,8.32,0.13,0.0,1.43,2.99,0.0,36.4,4.94,302.9,15.6,36.4,27.3,0.0,0.13,0.0,39.0,0.39,0.26,Turnips
1,1,0,1,40.0,9.3,0.1,0.0,1.1,1.7,0.0,4.0,4.2,146.0,10.0,29.0,7.4,0.0,0.1,0.4,23.0,0.2,0.1,Yellow Onion
1,1,0,1,2.5,0.625,0.025,0.0,0.15,0.225,0.0,4.0,0.325,29.75,1.75,3.5,1.85,253.5,0.025,51.875,8.0,0.125,0.025,Green Onion
1,1,0,1,20.5,4.92,0.164,0.0,0.82,2.46,0.0,1.64,2.46,187.78,11.48,19.68,1.804,18.86,0.246,2.87,7.38,0.164,0.164,Eggplant
1,1,0,1,24.75,4.95,0.385,0.055,1.485,1.925,0.0,41.8,0.385,218.35,19.8,36.3,19.25,279.4,1.87,428.12,102.85,1.485,0.22,Dandelion Greens
1,1,0,1,56.4,13.668,0.408,0.084,3.924,10.32,0.0,112.8,1.188,444.0,72.0,87.6,8.88,21.6,0.228,0.0,25.2,1.536,0.588,Artichokes
1,1,0,1,20.0,3.88,0.16,0.05,2.2,2.1,0.0,2.0,1.88,202.0,14.0,52.0,5.6,756.0,0.16,41.6,20.0,1.14,0.54,Asparagus
1,1,0,1,2.5,0.365,0.066,0.0086,0.258,0.16,0.0,2.7,0.053,36.9,4.7,5.2,1.5,119.2,0.043,10.86,1.6,0.146,0.047,Arugula
1,1,0,1,20.5,4.674,0.1476,0.041,0.8282,2.788,0.0,1.64,2.8946,187.78,11.48,22.14,1.804,18.86,0.4428,2.87,7.38,0.1886,0.1312,Aubergine
1,1,0,1,30.0,5.8,0.5,0.1,3.1,1.8,0.0,6.0,0.5,251.0,18.0,40.0,13.0,1002.0,0.5,34.8,26.0,1.5,0.2,Bean Sprouts
1,1,0,1,31.0,6.0,0.3,0.1,1.3,2.1,0.0,3.0,4.2,211.0,12.0,21.0,80.0,1577.0,0.3,4.9,10.0,0.3,0.1,Bell Peppers
1,1,0,1,13.0,2.2,0.2,0.1,1.5,1.0,0.0,65.0,1.2,252.0,11.0,20.0,45.0,1054.0,0.1,45.5,1.5,0.2,0.3,Bok Choi
1,1,0,1,88.0,14.0,0.7,0.1,7.6,6.4,0.0,16.0,2.2,620.0,34.0,103.0,40.0,34.0,1.6,25.0,1.5,2.7,1.7,Broad Beans
1,1,0,1,43.0,9.0,0.3,0.1,3.4,3.8,0.0,25.0,2.2,342.0,23.0,69.0,85.0,754.0,0.9,177.0,1.4,0.4,0.4,Brussels Sprouts
1,1,0,1,34.0,3.3,0.4,0.0,3.1,2.6,0.0,22.0,1.2,319.0,21.0,57.0,80.0,1500.0,1.48,1.8,147.0,2.8,0.7,Calabrese
1,1,0,1,1.15,0.165,0.045,0.01,0.12,0.105,0.0,127.5,0.02,2.0,1.8,0.65,0.215,0.0,0.0265,0.27,2.0,0.085,0.02,Capers
1,1,0,1,19.5,3.45,0.225,0.0,0.975,1.125,0.0,2.25,1.8,235.5,13.5,19.5,60.0,2250.0,0.2775,1.05,7.5,0.225,0.15,Capsicum
1,1,0,1,8.5,1.8,0.1,0.0,0.65,0.8,0.0,8.5,0.3,214.5,11.5,15.0,5.0,0.0,0.09,16.0,20.0,0.25,0.1,Cardoons
1,1,0,1,92.25,25.461,0.205,0.0615,2.05,4.1,0.0,4.1,5.3915,721.6,67.65,61.5,43.05,438.7,1.2095,2.255,98.4,1.23,0.3485,Butternut Squash
1,1,0,1,17.0,3.11,0.32,0.08,1.2,1.0,0.0,8.0,2.52,261.0,21.0,20.0,17.0,200.0,0.12,4.3,16.0,0.37,0.32,Courgette
1,1,0,1,18.0,4.1,0.1,0.02,0.6,1.6,0.0,21.0,2.5,227.0,15.0,20.0,27.4,0.0,0.11,1.3,27.0,0.3,0.2,Daikon Radish
1,1,0,1,160.0,38.1,0.3,0.0,1.4,1.8,0.0,14.0,3.0,271.0,21.0,27.0,20.0,0.0,0.19,1.3,16.0,0.3,0.2,Cassava
1,1,0,1,35.0,6.2,0.5,0.0,3.2,3.3,0.0,38.0,0.7,470.0,60.0,50.0,50.0,4000.0,1.01,4.8,105.0,1.7,0.4,Choy Sum
1,1,0,1,29.0,2.7,0.7,0.2,3.3,2.6,0.0,30.0,0.7,448.0,32.0,69.0,75.0,0.0,0.55,0.8,94.0,1.2,0.5,Cime de Rapa
1,1,0,1,19.0,4.5,0.1,0.0,0.7,2.2,0.0,3.0,1.7,125.0,12.0,16.0,7.7,40.0,0.12,7.7,17.0,0.2,0.1,Chayote Squash
1,1,0,1,17.0,3.4,0.2,0.0,1.3,3.1,0.0,22.0,0.3,314.0,15.0,49.0,6.5,2816.0,0.44,231.0,52.0,1.5,0.3,Endive
1,1,0,1,19.0,3.3,0.3,0.0,1.2,3.1,0.0,27.0,0.8,314.0,19.0,47.0,8.0,2176.0,0.18,96.0,36.0,1.0,0.2,Escarole
1,1,0,1,341.0,58.3,1.5,0.4,26.1,25.0,0.0,13.0,0.4,1093.0,192.0,367.0,10.7,60.0,1.45,36.0,103.0,2.7,1.5,Fava Beans
1,1,0,1,34.0,4.6,0.4,0.1,4.3,3.3,0.0,3.0,0.0,370.0,34.0,61.0,34.0,2853.0,0.87,64.0,24.0,5.5,1.5,Fiddlehead
1,1,0,1,112.0,26.46,0.2,0.11,1.5,1.8,0.0,18.0,0.0,602.0,25.0,47.0,2.4,4.0,0.38,2.1,14.0,0.4,0.3,Dasheen
1,1,0,1,40.0,8.82,0.5,0.1,1.5,1.8,0.0,7.0,3.97,285.0,18.0,36.0,123.9,0.0,0.69,32.9,7.0,1.3,0.29,Datil Pepper
1,1,0,1,31.0,7.89,0.1,0.03,1.0,1.7,0.0,4.0,2.4,309.0,21.0,20.0,9.5,525.0,0.37,0.5,30.0,0.6,0.14,Delicata Squash
1,1,0,1,29.0,5.5,0.3,0.1,1.3,5.5,0.0,1.0,1.5,63.0,5.0,17.0,43.0,50.0,0.11,44.0,0.0,0.3,0.1,Fingerlimes
1,1,0,1,31.0,7.1,0.2,0.0,1.8,3.4,0.0,2.0,1.1,209.0,18.0,38.0,16.3,38.0,0.65,14.0,56.0,1.0,0.3,French Beans
1,1,0,1,22.0,2.4,0.4,0.1,2.5,1.5,0.0,27.0,0.2,337.0,49.0,42.0,48.0,7166.0,1.5,60.0,77.0,2.9,0.6,French Sorrel
1,1,0,1,17.0,3.3,0.3,0.1,1.3,3.1,0.0,22.0,0.3,314.0,15.0,49.0,6.5,2816.0,0.44,231.0,52.0,1.5,0.3,Frisee
1,1,0,1,146.0,35.9,0.6,0.2,1.7,1.8,0.0,3.0,0.2,405.0,27.0,62.0,5.6,6.0,0.88,1.5,16.0,1.1,0.6,Galangal
1,1,0,1,164.0,27.4,2.6,0.3,8.9,7.6,0.0,24.0,0.8,291.0,48.0,138.0,4.8,7.0,0.53,12.0,49.0,2.9,1.5,Garbanzo Beans
1,1,0,1,25.0,2.1,0.7,0.2,2.6,1.6,0.0,27.0,0.7,369.0,47.0,52.0,15.0,1480.0,0.47,108.0,160.0,1.5,0.4,Garden Rocket
1,1,0,1,15.0,3.4,0.2,0.1,1.9,2.3,0.0,6.0,2.2,508.0,60.0,64.0,220.0,6300.0,0.49,400.0,448.0,5.5,2.5,Gongura
1,1,0,1,31.0,6.9,0.1,0.0,1.8,3.4,0.0,6.0,3.3,211.0,25.0,37.0,16.3,0.0,0.41,14.0,37.0,1.1,0.2,Green Beans
1,1,0,1,32.0,7.3,0.1,0.0,1.8,2.6,0.0,16.0,2.3,276.0,20.0,35.0,18.8,2222.0,0.16,207.0,72.0,1.5,0.3,Green Onions
1,1,0,1,386.0,58.3,6.4,1.6,14.2,35.2,0.0,24.0,4.4,2300.0,177.0,499.0,4.8,0.0,1.08,1810.0,550.0,4.8,1.5,Guar
1,1,0,1,160.0,8.5,14.7,2.1,2.0,6.7,0.0,7.0,0.7,485.0,39.0,52.0,10.0,146.0,2.07,21.0,12.0,0.6,0.6,Hass Avocado
1,1,0,1,27.0,6.2,0.1,0.0,1.7,3.6,0.0,20.0,2.6,350.0,25.0,47.0,62.0,0.0,1.5,0.1,27.0,0.7,0.4,Delicacy White Kohlrabi
1,1,0,1,26.0,6.5,0.1,0.0,1.0,0.5,0.0,1.0,2.8,340.0,12.0,44.0,7.0,1.0,1.1,1.1,12.0,0.3,0.2,Dickinson Pumpkin
1,1,0,1,121.0,11.1,5.2,0.7,10.1,5.2,0.0,6.0,2.4,484.0,118.0,202.0,3.0,79.0,0.7,17.8,5.0,2.7,0.6,Edamame Beans
1,1,0,1,149.0,33.1,0.5,0.0,6.4,2.1,0.0,17.0,1.0,401.0,25.0,153.0,31.0,0.0,0.8,0.5,149.0,1.7,1.2,Elephant garlic
1,1,0,1,9.45,2.07,0.36,0.045,0.54,0.81,0.0,1.35,1.035,157.5,8.1,13.5,45.0,1440.0,0.315,6.3,6.3,0.81,0.135,Habanero
1,1,0,1,127.0,20.2,0.5,0.1,9.0,6.0,0.0,3.0,1.7,650.0,48.0,138.0,1.0,0.0,0.5,0.0,56.0,2.5,1.5,Haricot Beans
1,1,0,1,18.0,3.9,0.2,0.1,0.9,1.2,0.0,5.0,2.6,237.0,10.0,24.0,13.0,833.0,0.1,1.0,10.0,0.3,0.2,Heirloom Tomatoes
1,1,0,1,49.0,5.2,0.2,0.1,3.0,3.1,0.0,18.0,3.5,250.0,30.0,60.0,50.0,43.0,0.2,200.0,60.0,0.6,0.2,Hispi Cabbage
1,1,0,1,32.0,7.0,0.3,0.1,1.2,1.1,0.0,2.0,2.8,320.0,21.0,27.0,9.0,9.0,0.3,1.0,21.0,0.4,0.3,Hokkaido Squash
1,1,0,1,22.08,5.1934,0.322,0.03266,0.5428,1.518,0.0,12.42,2.5162,113.16,8.28,13.34,11.454,0.0,0.115,0.322,25.76,0.368,0.2024,Horseradish
1,1,0,1,5.7,1.2426,0.0798,0.01083,0.3876,0.684,0.0,2.85,0.6726,58.14,4.56,7.98,1.596,274.74,0.0171,0.057,10.26,0.1767,0.114,Iceberg Lettuce
1,1,0,1,34.0,7.7,0.1,0.0,1.4,4.9,0.0,1.0,3.6,225.0,0.8,40.0,25.0,0.0,0.07,0.0,13.0,0.5,0.1,Ice Cream Bean
1,1,0,1,12.8,2.96,0.04,0.0,0.44,0.56,0.0,1.2,1.24,50.0,3.6,8.0,1.32,0.8,0.04,0.16,9.2,0.08,0.04,Italian Red Onion
1,1,0,1,12.0,2.7,0.12,0.0,0.84,1.26,0.0,1.2,1.32,174.0,10.2,10.2,10.8,162.0,0.06,0.18,12.0,0.36,0.18,Ivy Gourd
1,1,0,1,0.56,0.126,0.014,0.0,0.028,0.07,0.0,0.14,0.126,13.3,0.42,1.12,2.422,96.6,0.014,0.224,1.82,0.014,0.014,Jalapeno
1,1,0,1,13.5,2.55,0.2,0.0,1.5,1.6,0.0,17.0,1.1,205.0,10.0,23.0,29.5,2661.0,0.3,69.4,59.0,0.75,0.15,Japanese Mustard Greens
1,1,0,1,73.0,17.0,0.2,0.0,2.0,1.6,0.0,3.0,9.6,429.0,20.0,60.0,3.0,0.0,0.2,0.5,14.0,3.4,0.6,Jerusalem Artichokes
1,1,0,1,49.0,12.0,2.9,0.1,0.2,5.7,0.0,4.0,1.8,150.0,14.0,38.0,20.0,0.0,0.1,0.5,14.0,0.4,0.2,Jicama
1,1,0,1,115.5,28.5,1.8,0.45,4.95,4.05,0.0,25.5,4.8,364.5,55.5,133.5,6.9,18.0,1.05,0.15,3.0,0.9,0.45,Jojoto
1,1,0,1,60.0,15.0,0.15,0.0,1.8,4.05,0.0,6.0,4.05,591.0,22.5,46.5,28.5,6622.5,1.05,1.65,24.0,0.75,0.45,Kabocha Squash
1,1,0,1,10.5,1.95,0.15,0.0,1.125,1.2,0.0,13.5,0.525,110.25,11.25,22.5,55.5,3306.0,0.3,46.875,40.5,0.525,0.15,Kai Lan
1,1,0,1,24.75,5.025,0.45,0.075,2.175,0.975,0.0,21.75,0.0,246.75,23.25,41.25,60.0,5109.0,0.75,291.75,11.25,0.75,0.375,Kale
1,1,0,1,19.0,3.1,0.3,0.1,2.6,1.1,0.0,14.0,0.2,252.0,30.0,26.0,82.0,6817.0,0.2,159.4,130.0,0.7,0.4,Kangkong
1,1,0,1,43.0,9.6,0.6,0.1,1.7,1.3,0.0,233.0,0.6,89.0,121.0,43.0,3.0,0.0,0.5,0.0,168.0,2.0,0.6,Kelp
1,1,0,1,77.0,17.3,0.1,0.1,2.0,1.3,0.0,6.0,0.8,407.0,23.0,57.0,9.0,0.0,0.1,1.9,10.0,0.7,0.3,Kennebec Potato
1,1,0,1,127.0,22.8,0.5,0.1,9.0,6.4,0.0,24.0,0.3,406.0,78.0,143.0,4.0,0.0,1.8,8.5,15.0,2.6,1.0,Kidney Bean
1,1,0,1,115.5,26.4,0.15,0.0,3.0,3.3,0.0,15.0,1.2,610.5,34.5,75.0,29.55,0.0,0.15,3.0,15.0,0.45,0.3,King Edward Potato
1,1,0,1,36.45,8.37,0.135,0.0,2.295,3.78,0.0,27.0,3.51,472.5,25.65,62.1,84.51,0.0,0.135,1.08,36.45,0.405,0.27,Kohlrabi
1,1,0,1,8.45,1.365,0.13,0.0,1.43,1.04,0.0,17.55,0.0,115.05,16.9,22.1,33.345,2818.4,0.13,63.375,76.7,0.91,0.26,Komatsuna
1,1,0,1,3.4,0.06,0.05,0.01,0.29,0.05,0.0,235.7,0.0,8.9,1.7,3.0,0.0,0.0,0.04,0.05,16.8,0.09,0.03,Kombu
1,1,0,1,9.76,2.196,0.122,0.061,0.732,1.525,0.0,3.05,1.708,176.9,14.64,21.96,13.908,0.0,0.061,14.03,9.76,0.305,0.366,Kovakkai
1,1,0,1,13.72,0.532,1.288,0.14,0.392,0.364,0.0,0.84,0.364,45.92,3.64,15.96,20.72,0.0,0.756,0.0,14.28,0.924,0.084,Kuka
1,1,0,1,17.86,2.888,0.266,0.038,1.254,1.254,0.0,18.24,0.988,133.0,19.0,25.08,22.04,0.0,1.672,126.54,18.62,0.988,0.152,Kurrat
1,1,0,1,34.3,6.16,0.63,0.14,3.01,2.17,0.0,26.6,1.61,343.7,32.9,64.4,84.0,270.9,0.91,382.9,105.0,2.03,0.35,Lacinto Kale
1,1,0,1,16.0,2.6,0.2,0.0,1.5,1.3,0.0,21.0,2.4,220.0,30.0,34.0,36.0,590.0,0.1,11.5,33.0,1.4,0.4,Lagos Bologi
1,1,0,1,34.0,8.5,0.1,0.0,1.1,1.5,0.0,2.0,2.2,256.0,10.0,21.0,9.2,295.0,0.1,1.8,33.0,0.6,0.2,Lakota Squash
1,1,0,1,22.0,3.7,0.7,0.2,2.3,2.1,0.0,81.0,0.2,534.0,12.0,44.0,69.0,6370.0,0.3,200.0,120.0,1.1,0.5,Land Cress
1,1,0,1,35.0,3.3,0.3,0.1,3.8,1.0,0.0,98.0,0.3,700.0,49.0,76.0,41.0,102.0,0.4,66.0,2.3,2.7,0.4,Laver
1,1,0,1,16.0,2.2,0.2,0.0,1.3,1.6,0.0,80.0,1.8,260.0,11.0,40.0,36.0,494.0,0.3,29.3,1.6,0.2,0.2,Leaf Celery
1,1,0,1,15.0,2.2,0.1,0.0,0.8,0.7,0.0,2.0,1.8,147.0,10.0,16.0,2.8,33.0,0.1,16.4,0.2,0.3,0.1,Lebanese Cucumber
1,1,0,1,76.0,18.9,0.2,0.1,0.5,1.8,0.0,4.0,11.0,293.0,12.0,17.0,2.3,0.0,0.2,0.0,20.0,0.3,0.4,Yacon
1,1,0,1,118.0,27.9,0.2,0.1,1.5,4.1,0.0,9.0,0.5,816.0,21.0,55.0,17.1,0.0,0.7,1.8,17.0,0.5,0.2,Yam
1,1,0,1,130.0,23.3,0.7,0.3,9.5,8.3,0.0,4.0,4.9,487.0,108.0,199.0,0.7,0.0,12.0,0.0,47.0,2.5,1.1,Yam Bean
1,1,0,1,36.0,6.5,0.9,0.1,3.8,3.7,0.0,12.0,0.2,169.0,33.0,79.0,0.9,198.0,0.7,0.0,16.0,1.8,0.3,Yarrow
1,1,0,1,17.0,3.2,0.2,0.0,2.6,1.9,0.0,12.0,1.1,188.0,37.0,60.0,120.0,310.0,0.5,254.0,87.0,1.1,0.3,Yao Choy
1,1,0,1,47.0,7.6,0.4,0.0,4.2,3.4,0.0,4.0,2.7,216.0,54.0,113.0,16.0,0.0,0.2,14.0,38.0,2.8,0.9,Yardlong Bean
1,1,0,1,16.0,3.4,0.2,0.0,1.2,1.1,0.0,2.0,2.0,261.0,18.0,38.0,14.0,200.0,0.1,3.2,0.4,0.3,0.2,Yellow Squash
1,1,0,1,152.0,38.1,0.6,0.1,1.4,1.8,0.0,14.0,0.5,271.0,21.0,20.0,20.0,0.0,0.8,1.4,16.0,0.3,0.3,Yuca Root
1,1,0,1,77.0,17.3,0.1,0.0,1.7,2.0,0.0,6.0,0.7,421.0,23.0,57.0,20.5,1.0,0.2,2.2,10.0,0.3,0.2,Yukon Gold Potato
1,1,0,1,25.0,5.88,0.18,0.05,1.01,3.0,0.0,2.0,3.53,229.0,14.0,33.0,1.8,14.0,0.3,3.5,9.0,0.2,0.1,Zebra Eggplant
1,1,0,1,101.0,23.36,0.66,0.23,2.06,4.5,0.0,4.0,0.28,520.0,122.0,79.0,0.0,0.0,0.1,3.5,33.0,1.3,0.5,Zizania Latifolia
1,1,0,1,11.0,1.3,0.1,0.0,2.3,0.5,0.0,41.0,0.2,330.0,21.0,40.0,43.0,319.0,0.5,250.0,120.0,0.2,0.2,Watercress
1,1,0,1,31.0,7.1,0.2,0.0,1.8,1.8,0.0,4.0,3.4,200.0,18.0,38.0,16.0,180.0,0.2,14.0,37.0,0.7,0.4,Wax Beans
1,1,0,1,32.0,7.6,0.1,0.0,1.8,1.6,0.0,12.0,2.7,276.0,12.0,29.0,12.0,146.0,0.2,31.0,119.0,1.2,0.2,Welsh Onions
1,1,0,1,16.0,3.4,0.1,0.0,0.6,1.6,0.0,39.0,1.9,233.0,10.0,20.0,14.0,7.0,0.1,1.6,27.0,0.3,0.1,White Radish
1,1,0,1,11.52,0.506,0.0024,0.0008,0.0024,0.004,0.0,0.36,0.0,5.92,0.28,0.44,0.0,0.0,0.0,0.256,0.44,0.004,0.004,Vanilla
1,1,0,1,347.0,63.38,1.46,0.42,25.23,19.2,0.0,9.0,0.0,1664.0,0.0,276.0,1.4,0.0,0.0,7.2,50.0,13.4,7.5,Velvet Bean
1,1,0,1,88.8,20.72,0.0,0.0,1.48,2.96,0.0,4.44,13.32,346.32,14.8,42.92,10.952,0.0,0.0,0.0,41.44,0.296,0.296,Vidalia Onion
1,1,0,1,130.24,29.6,0.0,0.0,2.96,2.96,0.0,11.84,1.48,799.2,41.44,78.44,17.76,0.0,0.0,44.4,7.4,0.888,0.444,Vivaldi Potatoes
1,1,0,1,49.0,8.6,0.9,0.2,3.5,4.9,0.0,240.0,0.9,490.0,68.0,64.0,36.0,5000.0,0.3,40.0,490.0,14.0,0.7,Rock Samphire
1,1,0,1,18.0,3.9,0.2,0.0,0.9,1.2,0.0,5.0,2.6,237.0,10.0,24.0,13.0,833.0,0.1,1.0,10.0,0.3,0.2,Roma Tomatoes
1,1,0,1,17.0,3.3,0.3,0.0,1.2,2.1,0.0,28.0,1.2,247.0,13.0,33.0,24.0,871.0,0.3,48.0,33.0,0.5,0.5,Romaine Lettuce
1,1,0,1,30.0,4.1,2.8,0.4,2.8,2.3,0.0,33.0,2.0,220.0,20.0,44.0,80.0,0.0,0.5,24.0,80.0,1.5,0.6,Romanesco
1,1,0,1,25.0,6.2,0.2,0.0,1.0,3.0,0.0,2.0,3.5,229.0,14.0,30.0,1.0,6.0,0.1,3.0,1.0,0.2,0.1,Rosa Bianca Eggplant
1,1,0,1,31.0,5.7,0.2,0.0,2.7,3.2,0.0,4.0,1.4,239.0,37.0,57.0,20.0,19.0,0.4,37.0,20.0,1.2,0.6,Runner Beans
1,1,0,1,341.0,60.13,1.26,0.24,23.58,15.4,0.0,6.0,2.87,1407.0,0.0,354.0,1.8,0.0,0.0,29.0,43.0,6.8,4.2,Pinkbean
1,1,0,1,347.0,62.65,1.16,0.15,21.42,15.4,0.0,6.0,2.4,1392.0,0.0,374.0,1.3,0.0,0.0,24.0,55.0,2.4,4.2,Pinto Beans
1,1,0,1,38.0,7.8,0.48,0.0,1.52,1.2,0.0,2.0,2.2,243.0,0.0,30.0,0.0,0.0,0.0,2.8,17.0,1.1,0.3,Pitwaa
1,1,0,1,18.0,3.89,0.2,0.03,0.88,1.2,0.0,5.0,2.63,237.0,0.0,24.0,13.7,833.0,0.0,9.7,10.0,0.3,0.2,Plum Tomatoes
1,1,0,1,16.0,3.4,0.3,0.05,1.1,2.5,0.0,7.0,2.2,166.0,0.0,20.0,37.0,10.0,0.0,76.0,2.5,0.2,0.2,Pointed Cabbage
1,1,0,1,200.13,4.0959,0.8658,74.259,78.588,0.0,79.92,6.993,4685.31,406.26,1478.52,2.664,0.0,476.19,0.0,0.0,14.985,14.652,0.666,Navy Beans
1,1,0,1,1.73,0.056,0.028,0.252,0.756,0.0,4.2,0.952,68.04,6.44,11.2,12.6,0.0,24.36,0.0,0.0,0.112,0.056,0.028,Neeps
1,1,0,1,2.56,0.294,0.084,2.31,1.008,0.0,2.1,0.0,140.28,33.18,49.14,0.63,2832.9,202.02,0.0,0.0,1.134,0.21,0.084,Nettles
1,1,0,1,13.32,0.077,0.0154,1.54,1.309,0.0,4.62,0.616,291.83,17.71,38.5,14.63,0.0,9.24,0.077,0.077,0.462,0.308,0.154,New Potatoes
1,1,0,1,49.0,6.4,0.9,0.4,4.0,2.5,0.0,67.0,0.0,770.0,191.0,51.0,220.0,322.0,0.7,150.0,176.0,3.9,1.9,Methi
1,1,0,1,20.0,2.6,0.4,0.1,1.7,1.8,0.0,14.0,0.2,247.0,21.0,28.0,43.0,2600.0,0.7,56.0,120.0,1.5,0.5,Microgreens
1,1,0,1,27.0,4.7,0.5,0.1,2.5,1.5,0.0,10.0,0.5,460.0,19.0,60.0,90.0,1320.0,0.1,160.0,120.0,1.5,0.3,Mizuna
1,1,0,1,53.0,7.4,1.7,0.4,4.0,4.0,0.0,27.0,0.5,390.0,81.0,66.0,4.0,569.0,0.4,4.5,184.0,1.9,0.2,Molokhia
0,1,0,1,239.0,0.0,15.0,4.2,25.0,0.0,88.0,74.0,0.0,240.0,24.0,190.0,0.0,49.0,0.2,0.3,19.0,1.1,1.3,Broiler Chicken
0,1,0,1,205.0,0.0,10.0,3.0,26.0,0.0,90.0,80.0,0.0,204.0,23.0,204.0,0.0,36.0,0.2,0.1,11.0,1.2,0.9,Desi Chicken
0,1,0,1,200.0,0.0,10.0,3.0,25.0,0.0,100.0,70.0,0.0,200.0,25.0,200.0,2.0,50.0,0.2,0.1,10.0,2.8,0.4,Kadaknath Chicken
0,1,0,1,97.0,0.0,2.4,0.7,17.9,0.0,59.0,50.0,0.0,330.0,25.0,210.0,0.0,120.0,0.5,0.2,30.0,0.7,0.5,Rohu Fish
0,1,0,1,129.0,0.0,5.5,1.3,18.0,0.0,68.0,30.0,0.0,346.0,30.0,205.0,0.0,34.0,0.8,0.3,12.0,0.9,0.3,Katla Fish
0,1,0,1,310.0,0.0,22.0,6.0,24.0,0.0,80.0,105.0,0.0,470.0,50.0,250.0,1.8,108.0,0.4,0.1,74.0,1.1,0.4,Hilsa Fish
0,1,0,1,105.0,0.0,2.4,0.6,20.0,0.0,50.0,72.0,0.0,354.0,33.0,240.0,0.3,54.0,0.1,0.1,20.0,0.5,0.3,Pomfret Fish
0,1,0,1,133.0,0.0,6.1,1.7,17.8,0.0,68.0,43.0,0.0,358.0,28.0,206.0,0.0,34.0,0.5,0.1,15.0,0.7,0.6,Surmai Fish
0,1,0,1,113.0,0.0,22.0,6.0,24.0,0.0,80.0,105.0,0.0,470.0,50.0,250.0,1.8,108.0,0.4,0.1,74.0,1.1,0.4,Bangda Fish
0,1,0,1,90.0,0.0,2.0,0.7,19.0,0.0,150.0,200.0,0.0,230.0,25.0,220.0,0.0,40.0,0.2,0.1,50.0,1.0,2.0,Prawns Fish
0,1,0,1,90.0,0.0,0.8,1.0,19.0,0.0,145.0,400.0,0.0,328.0,37.0,220.0,0.5,10.0,0.5,0.1,37.0,0.5,1.8,Lobster Fish
0,1,0,1,84.0,0.0,1.1,0.2,17.0,0.0,83.0,324.0,0.0,285.0,33.0,222.0,5.2,68.0,0.6,2.4,82.0,0.9,2.2,Crabs Fish
0,1,0,1,144.0,0.0,6.0,1.7,23.0,0.0,45.0,39.0,0.0,337.0,30.0,211.0,0.0,19.0,1.3,0.1,10.0,1.2,0.5,Tuna Fish
0,1,0,1,206.0,0.0,13.4,2.6,22.0,0.0,55.0,63.0,0.0,363.0,26.0,210.0,0.0,36.0,0.8,0.1,8.0,0.7,0.6,Salmon Fish
0,1,0,1,70.0,0.0,1.5,0.3,14.0,0.0,48.0,105.0,0.0,222.0,31.0,177.0,0.0,50.0,0.4,0.1,24.0,0.4,0.5,Sole Fish
0,1,0,1,208.0,0.0,11.5,2.6,24.6,0.0,142.0,487.0,0.0,397.0,50.0,490.0,0.0,277.0,2.5,0.2,382.0,2.8,1.2,Sardines Fish
0,1,0,1,250.0,0.0,18.0,7.0,26.0,0.0,80.0,55.0,0.0,290.0,20.0,190.0,0.0,0.0,0.2,1.2,10.0,3.0,4.0,Beef Meat
0,1,0,1,250.0,0.0,16.0,5.0,6.0,0.0,85.0,60.0,0.0,320.0,20.0,200.0,0.0,0.0,0.3,0.1,10.0,1.0,2.0,Pork Meat
0,1,0,1,250.0,0.0,20.0,9.0,25.0,0.0,85.0,60.0,0.0,290.0,20.0,200.0,0.0,0.0,,0.1,10.0,1.4,3.3,Lambs Meat
0,1,0,1,310.0,0.0,25.0,11.0,20.0,0.0,80.0,70.0,0.0,310.0,15.0,180.0,0.0,0.0,0.2,0.1,10.0,1.4,2.6,Mutton Meat
0,1,0,1,142.0,0.0,3.2,1.4,26.0,0.0,86.0,61.0,0.0,332.0,28.0,217.0,0.0,4.0,0.3,1.8,10.0,4.1,4.2,Deer Meat
0,1,0,1,206.0,0.0,6.5,1.9,35.0,0.0,130.0,70.0,0.0,375.0,27.0,274.0,0.0,13.0,0.3,0.1,27.0,3.8,3.3,Rabbits Meat
0,1,0,1,90.0,2.0,1.4,0.4,16.0,0.0,50.0,90.0,0.0,382.0,250.0,200.0,3.0,50.0,5.0,0.1,10.0,3.0,1.0,Snails Meat
0,1,0,1,337.0,0.0,28.4,9.4,18.1,0.0,81.0,59.0,0.0,230.0,22.0,195.0,2.8,47.0,0.4,1.6,13.0,2.7,2.2,Duck Meat
0,1,0,1,158.0,0.0,7.6,2.1,23.6,0.0,101.0,75.0,0.0,305.0,21.0,277.0,0.0,128.0,0.1,0.1,13.0,2.3,1.8,Quail Meat
0,1,0,1,135.0,0.0,3.1,0.9,25.8,0.0,62.0,69.0,0.0,318.0,29.0,245.0,0.0,4.0,0.4,0.5,11.0,1.3,1.4,Turkey Meat
0,1,0,1,142.0,0.0,6.2,1.7,21.5,0.0,89.0,63.0,0.0,244.0,22.0,209.0,0.0,12.0,0.5,0.3,13.0,1.5,1.3,Guinea Fowl Meat
0,1,0,1,139.0,0.0,4.2,1.2,24.4,0.0,127.0,74.0,0.0,258.0,21.0,295.0,0.0,11.0,0.3,2.8,9.0,1.6,2.3,Pigeon Meat
0,1,0,1,120.0,0.0,3.0,0.8,22.0,0.0,66.0,60.0,0.0,242.0,24.0,206.0,0.0,120.0,1.0,0.0,7.0,4.6,2.5,Emu Meat
0,1,0,1,238.0,0.0,17.2,5.5,20.7,0.0,84.0,70.0,0.0,250.0,18.0,215.0,0.0,350.0,1.6,0.0,13.0,2.7,2.0,Goose Meat
0,1,0,1,90.0,0.0,3.0,1.0,16.0,0.0,58.0,49.0,0.0,267.0,25.0,172.0,0.0,25.0,0.7,0.2,10.0,1.0,0.5,Pabda Fish
0,1,0,1,118.0,0.0,3.3,1.3,21.5,0.0,60.0,72.0,0.0,329.0,26.0,190.0,0.0,30.0,0.3,0.1,16.0,1.4,0.4,Tengra Fish
0,1,0,1,105.0,0.0,2.0,0.6,20.0,0.0,65.0,61.0,0.0,300.0,28.0,195.0,0.0,10.0,0.5,0.2,14.0,1.5,0.4,Shingi Fish
0,1,0,1,97.0,0.0,0.7,0.2,21.0,0.0,45.0,50.0,0.0,331.0,31.0,223.0,0.0,51.0,0.6,0.1,16.0,0.7,0.3,Chital Fish
0,1,0,1,89.0,0.0,2.5,0.5,17.3,0.0,53.0,37.0,0.0,228.0,25.0,260.0,0.0,8.0,0.2,0.1,10.0,0.7,0.4,Puti Fish
0,1,0,1,99.0,0.2,0.3,0.1,24.4,0.0,189.0,119.0,0.0,239.0,34.0,220.0,2.6,12.0,1.0,0.1,38.0,1.2,1.2,Shrimp Seafood
0,1,0,1,89.0,0.91,0.97,0.16,19.37,0.0,145.0,486.0,0.0,274.0,36.0,221.0,0.4,0.0,0.64,0.1,56.0,0.4,2.75,Lobster Seafood
0,1,0,1,146.0,7.2,2.2,0.5,24.1,0.0,35.0,480.0,0.0,310.0,36.0,244.0,10.0,100.0,2.0,50.0,59.0,6.7,3.3,Mussels Seafood
0,1,0,1,92.0,2.2,1.4,0.4,18.3,0.0,233.0,44.0,0.0,250.0,49.0,250.0,3.3,33.0,1.4,0.2,44.0,1.4,0.4,Squid Seafood
0,1,0,1,81.0,4.9,1.8,0.3,9.7,0.0,56.0,195.0,0.0,150.0,40.0,170.0,8.0,146.0,1.4,0.5,49.0,5.7,28.0,Oysters Seafood
0,1,0,1,148.0,5.1,1.9,0.3,24.0,0.0,78.0,50.0,0.0,534.0,58.0,270.0,22.0,100.0,1.1,0.2,36.0,28.0,2.3,Clams Seafood
0,1,0,1,165.0,0.0,3.6,1.0,31.0,0.0,70.0,70.0,0.0,345.0,30.0,234.0,0.0,12.0,0.5,0.0,13.0,1.0,0.8,Cochin Chicken
0,1,0,1,164.0,0.0,2.6,0.4,24.0,0.0,92.0,70.0,0.0,345.0,33.0,230.0,0.0,10.0,0.2,0.0,12.0,1.0,0.4,Leghorn Chicken
0,0,1,0,387.0,40.7,23.9,1.8,6.2,6.7,0.0,2.0,0.0,418.0,91.0,110.0,0.0,0.0,47.0,1.2,1.1,0.24,0.0,Acorns
0,0,1,0,161.28,6.076,13.832,1.036,5.936,3.5,0.0,0.28,1.232,205.24,75.6,135.52,0.0,0.28,73.92,1.036,0.868,7.168,0.0,Almonds
0,0,1,0,475.0,19.4,40.5,9.7,13.2,17.2,0.0,3.0,2.3,534.0,235.0,380.0,0.0,0.0,88.0,1.8,1.1,0.0,0.0,Baru Nuts
0,0,1,0,567.0,13.8,53.6,5.5,10.6,5.9,0.0,0.0,0.0,355.0,251.0,266.0,0.0,0.0,22.0,1.1,2.7,0.0,0.0,Beech Nuts
0,0,1,0,691.0,13.7,69.1,6.8,15.2,6.8,0.0,0.0,2.6,441.0,464.0,410.0,0.0,0.0,61.0,2.9,3.1,0.0,0.0,Black Walnut
0,0,1,0,183.67,0.98,18.76,4.228,4.004,0.588,0.0,0.84,0.392,184.52,105.28,203.0,0.0,0.0,44.8,0.7,1.148,1.596,0.0,Brazil Nuts
0,0,1,0,54.0,14.88,0.12,0.0,1.2,3.36,0.0,3.6,3.12,342.0,52.8,50.4,9.6,127.2,57.6,0.72,0.96,0.72,1.32,Butternut
0,0,1,0,148.4,8.736,14.448,8.372,3.08,9.296,0.0,5.88,0.28,139.72,40.32,104.16,0.224,1.96,20.44,1.68,0.924,0.112,11.284,Cacao Seeds
0,0,1,0,200.76,4.032,21.112,4.228,2.156,3.304,0.0,0.0,0.252,175.84,40.88,63.28,0.028,0.0,15.12,1.12,0.448,0.196,0.0,Candlenut
0,0,1,0,6.993,0.42,0.3066,0.0189,0.4158,0.798,0.0,0.357,0.0126,11.928,5.418,11.928,0.441,0.0,14.469,0.1155,0.0693,0.4158,0.0,Caraway Seeds
0,0,1,0,154.84,8.4532,12.278,2.1784,5.1016,0.924,0.0,3.36,1.6548,184.8,81.76,166.04,0.14,0.0,10.36,1.8704,1.6184,0.252,0.0,Cashews
0,0,1,0,156.8,5.1716,12.656,1.806,6.258,0.98,0.0,0.56,1.0052,167.16,70.28,145.04,1.54,0.0,19.88,1.5484,1.3104,1.4924,1.988,Cedar Nuts
0,0,1,0,178.92,38.2536,1.8984,0.3696,2.4444,6.804,0.0,3.36,6.7872,497.28,86.52,232.68,27.72,0.0,22.68,0.9828,0.7812,0.21,4.452,Chestnuts
0,0,1,0,136.08,11.7936,8.6072,0.9324,4.6312,9.632,0.0,4.48,0.2772,113.96,93.8,0.448,0.0,176.68,2.1616,1.2824,0.0812,0.14,0.0,Chia Seeds
0,0,1,0,79.24,3.248,7.504,6.6668,0.9324,2.044,0.0,8.96,1.7444,99.68,8.96,31.64,0.784,0.0,3.92,0.6804,0.2968,0.1036,0.056,Coconut
0,0,1,0,175.84,4.942,17.01,1.24964,4.186,2.716,0.0,0.84,1.2152,190.4,45.64,81.2,0.504,5.6,31.92,1.316,0.686,4.2084,3.976,Filbert
0,0,1,0,53.4,2.888,4.216,0.3663,1.829,2.73,0.0,3.0,0.155,81.3,39.2,49.4,0.06,0.0,25.5,0.573,0.434,1.995,0.0,Flax Seeds
0,0,1,0,50.96,10.752,0.5012,0.0644,1.3748,0.756,0.0,0.28,0.2324,186.76,25.48,40.04,0.0,0.0,3.64,0.392,0.252,0.4032,0.0,Ginkgo nuts
0,0,1,0,175.84,4.676,17.01,1.24964,4.186,2.716,0.0,0.84,1.2152,190.4,45.64,81.2,0.504,5.6,31.92,1.316,0.686,4.2084,3.976,Hazelnuts
0,0,1,0,198.51,4.284,20.216,1.484,2.604,0.84,0.0,0.0,1.148,62.44,36.68,81.2,0.168,0.0,11.76,0.392,0.42,0.672,1.54,Heartnut
0,0,1,0,165.9,0.69,14.7,1.35,9.48,0.36,0.0,2.1,0.42,257.7,147.0,348.0,0.45,0.0,21.0,2.97,2.37,0.24,2.1,Hemp Seeds
0,0,1,0,54.04,1.092,5.544,0.42,1.008,0.756,0.0,0.0,0.504,32.48,26.32,29.12,0.336,1.4,5.88,0.392,0.392,0.364,0.98,Hickory Nuts
0,0,1,0,135.0,23.0,1.1,0.3,4.3,1.5,0.0,4.0,1.2,448.0,74.0,61.0,13.8,0.0,56.0,1.5,1.1,0.5,6.7,Jackfruit Seeds
0,0,1,0,93.8,5.04,0.924,0.252,2.688,2.38,0.0,0.84,0.644,91.0,17.36,47.32,0.0,0.0,0.0,0.0,0.0,0.308,0.476,Kola Nuts
0,0,1,0,203.55,3.9123,21.4893,3.43035,2.23965,2.268,0.0,1.4175,1.3041,104.328,36.855,53.298,0.6804,0.0,24.0975,1.16235,0.3402,0.0567,0.0,Macadamia Nuts
0,0,1,0,159.61,9.83745,14.08995,4.33755,4.9896,5.69835,0.0,4.8195,1.8144,168.1155,56.7,127.575,0.0,0.0,15.0255,0.7371,0.48195,0.0567,0.0,Mongongo Nuts
0,0,1,0,17.25,0.84,1.055,0.135,0.915,0.43,0.0,4.4,0.115,32.75,19.5,22.5,0.0,0.0,46.55,0.495,0.265,0.025,1.25,Nigella Seeds
0,0,1,0,160.74,15.0255,6.7473,0.87885,2.1546,5.01795,0.0,0.0,0.0,111.699,20.979,62.937,0.0,0.0,6.237,0.3969,0.19845,0.1134,0.0,Oak Nuts
0,0,1,0,160.74,4.572855,13.95954,1.78038,7.3143,2.40975,0.0,5.103,1.33812,199.8675,47.628,106.596,0.0,0.0,26.082,1.29843,0.927045,2.361555,0.25515,Peanuts
0,0,1,0,195.89,3.92931,20.403495,1.75203,2.599695,2.7216,0.0,0.0,1.125495,116.235,34.3035,78.5295,0.31185,15.876,19.845,0.717255,1.284255,1.601775,0.99225,Pecans
0,0,1,0,196.18,4.9896,20.3553,4.317705,4.8195,0.53298,0.0,1.9845,0.567,221.13,88.1685,109.1475,0.2268,0.0,32.0355,1.567755,1.114155,4.941405,0.3402,Pili Nut
0,0,1,0,188.44,3.6624,19.1436,1.37172,3.8332,1.036,0.0,0.56,1.0052,167.16,70.28,161.0,2.52,0.0,4.48,1.5484,1.806,2.6124,9.772,Pine Nuts
0,0,1,0,157.36,7.6076,12.7092,1.55988,5.768,2.968,0.0,0.28,2.1868,287.0,33.88,137.2,0.644,0.0,8.68,1.0976,0.8344,0.714,0.476,Pistachios
0,0,1,0,72.21,16.791,1.0179,0.087,1.4268,3.045,0.0,2.61,12.4671,179.22,13.92,29.58,5.568,0.0,8.7,0.261,0.3132,0.522,14.268,Pomegranate Arils
0,0,1,0,147.0,7.8764,11.8048,1.38544,5.0372,5.46,0.0,3.92,0.2772,201.32,97.16,231.0,0.224,0.0,3.92,2.604,2.212,2.212,9.548,Poppy Seeds
0,0,1,0,35.28,1.4028,1.4,0.28812,1.4616,0.476,0.0,1.96,0.2436,63.0,42.28,73.36,0.168,0.0,12.88,0.3192,0.266,0.4676,0.14,Pumpkin Seeds
0,0,1,0,680.8,118.4,11.1,1.85,25.9,12.95,0.0,9.25,1.85,1041.55,364.45,845.45,0.0,3.7,86.95,9.25,5.55,3.7,0.0,Quinoa Seeds
0,0,1,0,51.57,2.07,4.5,0.63,1.62,1.08,0.0,0.99,0.0,42.12,31.59,56.61,0.0,0.81,87.75,1.26,0.63,2.25,0.0,Sesame Seeds
0,0,1,0,126.0,4.2,6.16,0.84,10.92,2.8,0.0,2.8,0.28,197.12,45.64,135.8,0.0,0.0,15.68,1.68,0.28,0.0,0.0,Soynuts
0,0,1,0,168.0,2.8,13.72,2.52,8.4,1.68,0.0,1.4,0.0,257.32,73.36,73.36,0.0,0.0,17.64,3.08,1.68,0.56,0.0,Squash Seeds
0,0,1,0,163.51,5.6,14.28,1.4,5.88,2.52,0.0,0.56,0.56,180.6,91.0,184.8,0.28,14.0,21.84,1.4,1.4,10.08,0.28,Sunflower Seeds
0,0,1,0,183.12,3.92,18.2,1.68,4.2,1.96,0.0,0.0,0.56,123.48,44.24,96.88,0.0,0.28,27.44,0.84,0.84,0.56,0.84,Walnuts
0,0,1,0,557.0,11.0,49.0,10.0,28.0,4.0,0.0,5.0,2.0,648.0,515.0,648.0,0.0,0.0,0.0,7.0,0.0,0.0,0.0,Watermelon Seeds
0,1,0,1,150.0,3.0,14.0,5.0,4.0,2.0,20.0,350.0,2.0,250.0,20.0,50.0,10.0,40.0,200.0,1.0,1.0,0.5,50.0,Greek salad
0,1,0,1,143.0,2.0,13.0,3.0,3.0,1.0,50.0,285.0,0.0,200.0,15.0,45.0,15.0,50.0,200.0,1.0,1.0,1.0,20.0,Caesar salad
0,1,0,1,190.0,2.0,18.0,8.0,5.0,0.0,25.0,200.0,2.0,250.0,10.0,50.0,5.0,600.0,0.5,1.0,0.5,50.0,10.0,Caprese salad
0,1,0,1,204.0,3.0,16.0,5.0,9.0,2.0,80.0,525.0,1.0,350.0,30.0,80.0,10.0,750.0,2.0,2.0,2.0,40.0,44.6,Cobb salad
0,1,0,1,183.0,15.0,13.0,2.0,2.0,2.0,5.0,75.0,10.0,150.0,15.0,15.0,2.0,50.0,0.5,0.5,1.0,4.0,22.8,Waldorf salad
0,1,0,1,143.0,12.0,8.0,1.0,3.0,1.0,15.0,275.0,2.0,250.0,20.0,35.0,5.0,30.0,0.5,1.0,0.5,10.0,3.3,Potato salad
0,1,0,1,145.0,10.47,11.26,1.78,1.43,1.8,11.23,179.0,9.2,195.0,15.0,26.0,45.0,1450.0,77.0,0.68,0.3,0.3,34.2,Coleslaw
0,1,0,1,136.0,2.2,9.4,1.6,12.6,0.0,29.0,270.0,1.1,189.0,33.0,164.0,1.0,9.0,1.0,0.3,1.1,0.0,0.5,Tuna salad
0,1,0,1,160.0,2.68,11.4,2.48,13.22,0.9,50.1,516.0,0.6,168.0,21.0,159.0,1.0,221.0,1.0,1.17,0.39,22.8,97.0,Chicken Caesar salad
0,1,0,1,235.0,18.05,13.73,2.64,4.66,1.0,19.94,378.0,3.71,91.0,19.0,95.0,0.0,121.0,1.0,1.12,0.63,3.3,8.0,Macaroni salad
0,1,0,1,182.0,20.4,8.2,2.4,5.8,1.2,10.0,422.0,1.9,77.0,23.0,77.0,0.0,56.0,1.0,0.9,0.9,0.1,3.0,Pasta salad
0,1,0,1,137.0,22.0,4.9,2.2,1.4,1.4,7.0,34.0,17.0,146.0,9.0,22.0,3.3,223.0,40.0,0.3,0.3,0.9,0.0,Ambrosia salad
0,1,0,1,177.0,6.2,12.0,2.9,11.0,1.7,27.0,1100.0,1.8,200.0,43.0,230.0,0.9,269.0,138.0,1.8,3.6,3.3,24.5,Antipasto salad
0,1,0,1,174.0,27.0,6.7,0.9,7.6,8.8,0.0,368.0,2.3,450.0,105.0,176.0,4.6,60.0,38.0,2.4,0.6,1.8,6.4,Black bean salad
0,1,0,1,154.0,9.9,12.0,2.5,2.8,2.6,10.0,430.0,7.6,316.0,21.0,66.0,93.0,623.0,62.0,2.0,0.9,0.8,101.0,Broccoli salad
0,1,0,1,149.0,14.0,9.7,1.3,1.5,2.8,0.0,221.0,8.2,410.0,20.0,45.0,5.9,16950.0,44.0,0.7,0.6,0.7,15.5,Carrot salad
0,1,0,1,119.0,14.5,5.9,0.7,3.7,4.8,0.0,326.0,1.9,291.0,48.0,70.0,3.3,5.0,27.0,1.5,1.5,0.6,6.8,Chickpea salad
0,1,0,1,12.0,2.2,0.2,0.0,0.7,0.5,0.0,2.0,1.7,147.0,13.0,16.0,2.8,2.0,16.0,0.3,0.2,0.03,7.5,Cucumber salad
0,1,0,1,145.0,2.2,12.3,3.3,7.5,0.0,371.0,347.0,1.4,126.0,12.0,102.0,1.9,496.0,53.0,1.2,1.3,1.1,1.0,Egg salad
0,1,0,1,333.0,38.4,14.8,1.8,14.9,8.7,0.0,745.0,2.8,541.0,85.0,265.0,1.7,0.0,70.0,3.2,2.3,0.3,47.0,Falafel salad
0,1,0,1,57.0,14.1,0.2,0.0,0.6,1.4,0.0,2.0,11.2,113.0,8.0,12.0,16.4,25.0,7.0,0.3,0.1,0.6,4.9,Fruit salad
0,1,0,1,78.74,13.716,3.048,0.508,3.175,4.318,0.0,24.13,6.985,429.26,33.02,60.96,26.67,1781.81,39.37,0.762,0.508,1.7526,28.575,Grilled vegetable salad
0,1,0,1,112.8,24.0,0.72,0.24,4.8,7.2,0.0,43.2,11.76,782.4,43.2,134.4,72.0,2520.0,57.6,2.16,0.96,1.368,13.2,Israeli salad
0,1,0,1,32.83,6.03,0.737,0.134,2.211,1.742,0.0,19.43,1.474,328.97,14.07,36.85,80.4,456.27,10.05,1.005,0.603,0.6901,260.63,Kale salad
0,1,0,1,425.7,63.36,11.088,1.188,23.76,31.68,0.0,590.04,8.712,1447.38,138.6,453.42,7.92,27.72,7.92,6.534,4.95,0.9702,14.256,Lentil salad
0,1,0,1,210.0,12.6,16.8,2.8,5.6,2.8,14.0,686.0,5.6,294.0,44.8,106.4,42.0,210.0,1.26,1.26,1.68,14.28,125.58,Mediterranean salad
0,1,0,1,1036.35,32.9,72.38,11.515,72.38,11.844,690.9,2023.35,9.541,2309.58,282.94,954.1,55.93,723.8,10.528,8.554,18.424,149.695,147.392,Nicoise salad
0,1,0,1,204.0,36.0,4.8,0.8,7.0,3.2,0.0,478.0,6.6,460.0,32.0,104.0,32.0,10000.0,84.0,2.4,0.8,1.4,12.6,Panzanella salad
0,1,0,1,222.0,36.0,4.2,0.4,8.0,5.6,0.0,14.0,1.4,344.0,128.0,304.0,0.0,0.0,62.0,3.0,2.4,4.8,1.6,Quinoa salad
0,1,0,1,160.0,22.0,7.0,1.0,3.6,6.6,0.0,442.0,18.2,650.0,62.0,66.0,14.0,66.0,0.0,2.4,0.6,0.2,0.4,Roasted beet salad
0,1,0,1,52.0,3.2,0.8,0.2,5.8,2.0,0.0,158.0,0.8,1116.0,158.0,98.0,56.0,11250.0,272.0,1.8,1.2,0.8,965.8,Spinach salad
0,1,0,1,147.0,4.4,8.4,2.9,15.9,1.6,47.0,207.0,2.2,333.0,22.0,216.0,0.0,15.0,27.0,2.1,3.3,0.6,1.5,Steak salad
0,1,0,1,78.0,15.2,0.7,0.1,3.0,4.0,0.0,28.0,1.1,389.0,21.0,66.0,30.0,264.0,34.0,1.4,0.8,0.7,0.9,Tabouli salad
0,1,0,1,134.0,11.0,7.1,1.2,7.9,1.2,24.0,114.0,7.3,193.0,20.0,127.0,1.5,132.0,46.0,1.1,1.0,0.9,1.8,Waldorf chicken salad
0,1,0,1,114.0,10.2,6.8,0.6,2.2,2.7,0.0,229.0,7.6,219.0,25.0,39.0,35.0,4.0,37.0,0.8,1.0,0.5,1.2,Asian coleslaw
0,1,0,1,70.0,4.5,6.2,1.1,1.3,2.8,0.0,25.0,1.4,325.0,24.0,28.0,3.2,53.0,12.0,0.4,0.4,2.6,21.0,Avocado and cucumber salad
0,1,0,1,143.0,16.0,8.4,2.1,2.8,1.3,16.0,369.0,1.3,245.0,18.0,46.0,1.3,38.0,9.0,0.6,0.5,0.3,0.5,Bacon ranch potato salad
0,1,0,1,109.0,18.0,2.7,0.5,2.9,5.5,0.0,8.0,4.6,191.0,31.0,71.0,6.4,268.0,17.0,1.3,0.4,0.5,2.0,Barley and roasted vegetable salad
0,1,0,1,133.0,10.0,9.9,4.5,4.6,1.8,17.0,321.0,7.6,325.0,31.0,94.0,2.8,160.0,83.0,0.9,0.3,1.1,0.2,Beet and goat cheese salad
0,1,0,1,141.0,1.5,9.9,2.2,12.0,0.6,34.0,423.0,0.8,264.0,21.0,152.0,0.0,61.0,9.0,0.7,1.3,0.3,0.1,Buffalo chicken salad
0,1,0,1,166.0,7.4,11.0,2.4,10.0,1.2,68.0,499.0,1.6,147.0,22.0,177.0,6.0,16.0,1.3,1.2,0.3,0.9,82.6,Caesar salad with shrimp
0,1,0,1,158.0,14.0,10.0,2.4,6.4,3.3,12.0,275.0,2.8,256.0,47.0,174.0,29.0,62.0,2.2,2.5,0.9,1.8,184.3,Chickpea and feta salad
0,1,0,1,183.0,8.6,11.0,1.9,15.0,2.1,53.0,356.0,2.7,244.0,43.0,64.0,4.0,214.0,3.4,1.6,0.8,3.3,62.3,Chinese chicken salad
0,1,0,1,142.0,9.6,12.0,2.2,2.5,6.2,0.0,233.0,5.1,323.0,39.0,50.0,46.0,30.0,1.5,1.4,2.1,21.0,37.5,Citrus avocado salad
0,1,0,1,131.0,17.0,4.5,0.6,3.4,1.4,0.0,152.0,2.2,191.0,23.0,61.0,0.3,4.0,0.6,0.8,0.4,5.5,8.8,Couscous salad
0,1,0,1,173.0,18.0,11.0,1.2,3.2,2.2,0.0,43.0,13.0,250.0,56.0,62.0,3.0,3.0,1.0,1.3,0.8,1.8,36.5,Cranberry and walnut salad
0,1,0,1,132.0,3.1,8.5,2.5,11.4,0.9,35.2,160.0,2.3,285.0,26.0,178.0,1.6,254.0,47.0,2.2,1.6,0.7,1.1,Curried chicken salad
0,1,0,1,132.0,16.8,7.1,1.2,3.8,2.3,3.3,15.0,4.4,271.0,37.0,89.0,9.4,189.0,8.0,0.9,0.7,1.1,2.9,Grilled corn salad
0,1,0,1,130.0,6.5,5.5,1.5,14.0,1.8,45.0,160.0,3.8,240.0,36.0,173.0,8.2,390.0,52.0,1.8,1.4,1.4,4.0,Grilled peach and chicken salad
0,1,0,1,89.0,4.2,2.1,0.3,9.3,1.0,80.0,262.0,1.8,266.0,26.0,121.0,8.7,540.0,80.0,1.8,1.1,1.4,4.4,Grilled shrimp and vegetable salad
0,1,0,1,211.0,22.0,11.1,2.2,7.0,1.7,15.0,426.0,3.3,112.0,66.0,111.0,11.0,667.0,123.0,2.2,0.9,2.0,1.0,Italian pasta salad
0,1,0,1,110.0,17.0,3.5,0.5,4.5,2.5,0.0,186.0,3.5,354.0,70.0,92.0,120.0,5000.0,150.0,1.4,1.8,0.7,500.0,Kale and quinoa salad
0,1,0,1,121.0,18.0,4.0,0.5,4.5,4.0,0.0,128.0,8.3,411.0,72.0,97.0,27.0,218.0,30.0,1.0,1.4,1.1,35.0,Mango and black bean salad
0,1,0,1,128.0,8.0,6.9,3.3,10.0,0.6,36.0,900.0,6.9,168.0,25.0,177.0,36.0,1800.0,100.0,1.1,1.0,0.6,2.0,Melon and prosciutto salad
0,1,0,1,364.8,52.32,13.44,1.44,15.36,15.36,0.0,1108.8,9.84,972.0,144.0,304.8,18.0,247.2,177.6,6.0,3.6,1.44,23.04,Moroccan chickpea salad
0,1,0,1,72.0,12.72,2.64,0.36,1.44,3.12,0.0,72.0,7.56,255.6,19.2,36.0,112.68,144.0,60.0,0.96,0.48,0.6,33.12,Orange and fennel salad
0,1,0,1,231.0,17.325,15.925,9.8,10.85,2.275,59.5,777.0,11.725,500.5,64.75,210.0,19.775,857.5,239.75,2.1,1.05,1.925,13.3,Peach and burrata salad
0,1,0,1,300.0,49.95,10.8,2.55,10.65,4.95,10.5,298.5,2.55,277.5,64.5,187.5,6.6,225.0,52.5,3.3,1.8,1.8,15.45,Pesto pasta salad
0,1,0,1,112.0,12.5,5.1,0.9,3.5,3.5,0.0,31.0,5.0,351.0,21.0,76.0,57.0,1800.0,85.0,1.7,0.6,0.9,129.0,Rainbow salad
0,1,0,1,121.0,13.8,5.5,1.1,2.5,1.4,5.0,307.0,1.0,321.0,24.0,54.0,10.0,50.0,30.0,0.7,0.4,0.8,0.0,Red potato salad with dill
0,1,0,1,95.0,13.1,3.6,0.5,2.7,2.7,0.0,30.0,3.6,387.0,36.0,47.0,120.0,191.0,47.0,1.3,0.6,1.2,681.0,Roasted sweet potato and kale salad
0,1,0,1,138.0,7.3,10.7,1.8,6.6,1.0,46.0,380.0,2.2,333.0,65.0,139.0,2.0,139.0,39.0,1.6,0.8,1.3,25.0,Salmon Nicoise salad
0,1,0,1,270.0,15.0,15.0,3.0,25.5,9.0,195.0,630.0,1.5,720.0,75.0,300.0,15.0,600.0,120.0,2.25,2.25,3.75,37.5,Shrimp and avocado salad
0,1,0,1,195.0,30.0,7.5,1.5,10.5,9.0,0.0,525.0,4.5,600.0,67.5,225.0,15.0,300.0,75.0,3.0,3.75,3.75,37.5,Southwestern black bean salad
0,1,0,1,315.0,22.5,16.5,3.0,25.5,3.0,75.0,705.0,4.5,675.0,60.0,375.0,22.5,300.0,60.0,3.75,4.5,3.75,75.0,Spicy Thai beef salad
0,1,0,1,225.0,15.0,10.5,6.0,9.0,4.5,30.0,330.0,9.0,330.0,37.5,150.0,45.0,450.0,120.0,3.0,2.25,3.75,120.0,Strawberry and goat cheese salad
0,1,0,1,195.0,22.5,9.0,1.5,6.0,3.0,0.0,15.0,9.0,345.0,37.5,150.0,6.0,300.0,30.0,0.75,0.75,1.5,3.0,Summer corn salad
0,1,0,1,240.0,7.5,18.0,10.5,13.5,1.5,60.0,600.0,4.5,150.0,45.0,300.0,45.0,1200.0,120.0,0.75,0.75,1.5,7.5,Tomato and mozzarella salad
0,1,0,1,127.5,25.0,2.0,1.0,6.0,3.0,11.0,305.0,21.0,480.0,45.0,90.0,31.25,1440.0,257.5,1.75,2.0,0.25,0.25,Watermelon and feta salad
0,1,0,1,148.8,13.2,5.04,1.44,10.56,1.44,28.8,1946.4,3.6,168.0,19.2,117.6,3.6,144.0,24.0,1.44,0.72,0.48,6.72,Chicken noodle soup
0,1,0,1,173.95,27.685,4.165,0.735,7.35,3.675,0.0,1183.35,17.64,1014.3,26.95,93.1,57.82,2040.85,56.35,0.98,0.735,0.98,19.355,Tomato soup
0,1,0,1,378.4,37.4,19.8,9.9,15.4,4.4,41.8,2648.8,11.0,743.6,39.6,305.8,9.68,235.4,374.0,3.08,1.32,0.44,6.16,French onion soup
0,1,0,1,131.76,24.644,1.464,0.244,6.1,6.344,0.0,995.52,7.564,578.28,21.96,80.52,8.784,5895.04,82.96,1.952,1.22,0.732,6.344,Minestrone soup
0,1,0,1,387.1,40.67,17.64,10.045,10.045,3.92,51.45,1330.35,4.41,1342.6,49.0,245.0,19.355,1073.1,144.55,3.185,0.735,0.735,8.085,Potato soup
0,1,0,1,183.75,32.83,3.43,0.735,9.8,8.085,0.0,1470.0,9.065,1176.0,56.35,159.25,30.87,1506.75,137.2,1.96,2.695,1.47,25.97,Vegetable soup
0,1,0,1,350.46,60.39,2.178,0.396,24.552,15.642,0.0,689.04,4.356,730.62,93.06,360.36,15.444,178.2,47.52,6.534,4.95,2.574,15.048,Lentil soup
0,1,0,1,565.95,91.875,2.94,0.49,40.425,39.935,0.0,2467.15,9.555,1220.1,147.0,774.2,8.085,2775.85,53.9,5.39,6.125,0.49,39.2,Split pea soup
0,1,0,1,203.35,42.63,0.735,0.245,4.165,7.35,0.0,1114.75,10.045,1425.9,53.9,117.6,42.63,10037.65,205.8,1.47,2.205,2.94,2.695,Butternut squash soup
0,1,0,1,526.75,28.42,27.685,9.555,38.22,3.92,151.9,1722.35,8.33,1337.7,53.9,597.8,11.515,362.6,39.2,6.125,6.125,0.49,6.125,Beef stew soup
0,1,0,1,48.0,9.36,0.72,0.24,1.92,1.92,0.0,998.4,6.24,489.6,21.6,74.4,29.52,751.2,36.0,0.72,0.72,0.48,5.28,Gazpacho soup
0,1,0,1,399.34,15.19,25.725,13.965,23.275,1.225,102.9,2165.8,6.615,585.55,53.9,421.4,18.62,546.35,227.85,5.88,5.88,0.49,12.005,Clam chowder soup
0,1,0,1,340.54,41.16,18.62,10.29,7.105,4.9,39.2,975.1,13.965,766.85,75.95,198.45,14.7,2352.0,144.55,2.94,1.715,1.47,3.92,Corn chowder soup
0,1,0,1,399.34,24.5,28.42,16.66,15.925,4.655,80.85,1521.45,3.675,634.55,53.9,225.4,110.25,3765.65,911.4,2.205,1.225,5.145,270.97,Broccoli cheddar soup
0,1,0,1,227.85,22.54,13.965,8.085,4.165,2.695,29.4,945.7,5.39,828.1,31.85,161.7,1.96,7.35,39.2,1.715,1.225,0.49,5.39,Cream of mushroom soup
0,1,0,1,205.7,32.095,6.86,3.675,4.165,3.92,17.15,989.8,18.13,938.35,26.95,85.75,36.75,1102.5,154.35,5.39,0.49,2.695,50.96,Cream of tomato soup
0,1,0,1,347.9,33.32,17.15,10.535,15.68,3.43,117.6,867.3,5.145,1038.8,83.3,328.3,19.11,541.45,235.2,3.185,2.695,1.225,4.655,Fish chowder soup
0,1,0,1,340.54,62.23,3.43,0.49,20.58,21.56,0.0,1239.7,7.84,935.9,137.2,396.9,5.88,1139.25,90.65,5.39,4.165,0.245,35.525,Black Bean Soup
0,1,0,1,200.8,18.62,4.165,1.225,22.54,2.695,58.8,1624.35,3.675,294.0,44.1,210.7,1.225,967.75,58.8,2.695,2.695,0.49,0.0,Chicken and Rice Soup
0,1,0,1,281.75,33.075,8.085,2.695,17.885,1.225,98.0,1675.8,4.41,247.45,31.85,215.6,1.715,318.5,88.2,3.675,2.695,0.49,0.0,Chicken and Dumpling Soup
0,1,0,1,227.85,15.435,8.085,3.185,20.58,2.205,66.15,1673.35,2.695,308.7,49.0,249.9,5.39,3920.0,301.35,4.655,2.695,3.92,42.14,Italian Wedding Soup
0,1,0,1,274.4,23.765,10.535,3.92,18.865,1.96,61.25,1653.75,2.205,235.2,36.75,262.15,1.225,245.0,41.65,3.185,3.185,0.735,0.0,Beef Noodle Soup
0,1,0,1,164.15,28.42,3.675,0.49,5.88,6.37,4.9,2060.45,11.27,791.35,53.9,117.6,4.655,730.1,44.1,1.47,1.225,0.49,6.86,Borscht Soup
0,1,0,1,145.08,0.468,11.916,7.416,8.964,0.0,37.8,223.56,0.18,35.28,10.08,184.32,0.0,257.4,0.216,0.756,259.56,0.144,1.116,Cheese
0,1,0,1,63.0,4.7,3.3,2.1,3.6,0.0,10.0,36.0,4.7,141.0,12.0,100.0,0.5,24.0,0.1,0.1,121.0,0.1,0.4,Yogurt
0,1,0,1,49.35,0.0432,58.3992,36.9864,0.612,0.0,154.8,492.48,0.0432,17.28,1.44,17.28,0.0,1799.28,1.6704,5.04,17.28,0.0144,0.0648,Butter
0,1,0,1,116.28,1.0744,11.8966,7.3474,2.3154,0.0,35.7,150.62,1.0744,30.94,2.38,41.82,0.17,323.68,0.0646,0.408,24.48,0.1496,0.17,Cream Cheese
0,1,0,1,96.03,2.6362,4.214,2.597,10.8976,0.0,10.78,356.72,2.6362,101.92,7.84,135.24,0.098,62.72,0.049,0.098,81.34,0.0882,0.392,Cottage Cheese
0,1,0,1,77.1,1.086,7.95,4.92,0.783,0.0,25.5,23.1,1.086,25.2,2.1,19.2,0.15,150.6,0.054,0.15,23.1,0.006,0.06,Whipped cream
0,1,0,1,85.0,0.7125,9.025,5.625,0.7,0.0,24.5,15.25,0.7125,24.5,1.25,17.25,0.0,203.0,0.58,0.15,17.0,0.0275,0.075,Heavy cream
0,1,0,1,40.0,4.8,0.9,0.6,3.3,0.0,3.0,110.0,4.8,151.0,11.0,95.0,0.0,63.0,0.03,0.2,116.0,0.03,0.4,Butter Milk
0,1,0,1,126.0,14.0,8.82,0.0,0.0,39.2,0.28,0.0,0.0,0.0,0.0,0.0,428.4,0.0,0.0,0.0,0.392,1.204,1.204,Ghee
0,1,0,1,329.8,3.298,33.95,21.34,2.522,0.0,101.85,27.16,3.298,95.06,4.85,63.05,0.0,1455.0,0.2328,0.485,107.67,0.097,0.388,Cream
0,1,0,1,64.5,1.8,6.6,4.2,0.78,0.0,19.8,25.2,1.8,26.1,1.5,17.4,0.0,465.0,0.156,0.12,27.6,0.03,0.12,Light Cream
0,1,0,1,175.8,1.17,19.2,13.2,1.32,0.0,75.0,18.0,1.17,0.0,0.0,0.0,0.0,918.0,0.309,0.03,26.4,0.03,0.03,Clotted Cream
0,1,0,1,63.36,1.184,6.4,4.16,0.832,0.0,19.2,8.96,1.184,25.28,2.24,17.6,0.48,426.56,0.0576,0.16,25.92,0.032,0.096,Sour Cream
0,1,0,1,126.0,14.0,8.82,0.0,0.0,39.2,0.28,0.0,0.0,0.0,0.0,0.0,428.4,0.0,0.0,0.0,0.392,1.204,1.204,Cow Ghee
0,1,0,1,126.0,0.0,14.0,6.58,0.0,0.0,25.76,0.0,0.0,0.0,0.0,0.0,0.0,419.86,0.462,1.232,0.98,0.014,0.014,Buffalo Ghee
0,1,0,1,126.0,0.0,14.0,7.14,0.0,0.0,27.3,0.0,0.0,0.0,0.0,0.0,0.0,442.26,0.42,1.204,0.98,0.014,0.014,Desi Ghee
0,1,0,1,126.0,0.0,14.0,8.96,0.0,0.0,35.0,0.0,0.0,0.0,0.0,0.0,0.0,0.0,0.028,0.0,0.0,0.0042,0.0,Goat Ghee
0,1,0,1,135.0,0.0,15.0,99.9,0.0,0.0,37.5,3.0,0.0,0.0,0.0,0.0,0.0,0.0,0.03,0.0,0.0,0.0045,0.0,Flavored ghee
0,1,0,1,126.0,0.0,14.0,8.82,0.0,0.0,35.0,0.0,0.0,0.0,0.0,0.0,0.0,0.0,0.028,0.0,0.0,0.0042,0.0,Pure Ghee
0,1,0,1,73.2,4.32,3.96,2.52,4.2,0.0,15.6,43.2,3.84,169.2,14.4,109.2,0.0,58.8,0.24,1.08,145.2,0.12,0.48,PlainYogurt
0,1,0,1,106.7,3.74,5.83,3.85,9.9,0.0,11.0,57.2,3.85,155.1,16.5,121.0,0.0,24.2,0.11,0.66,146.3,0.22,0.66,Greek Yogurt
0,1,0,1,100.38,0.014,11.354,7.196,0.126,0.0,30.1,99.96,0.014,3.36,0.28,3.36,0.0,349.86,0.322,0.98,3.36,0.0,0.0,Salted Butter
0,1,0,1,107.55,0.015,12.165,7.71,0.135,0.0,32.25,107.1,0.015,3.6,0.3,3.6,0.0,374.85,0.345,1.05,3.6,0.0,0.0,Unsalted Butter
0,1,0,1,100.38,0.014,11.354,7.196,0.126,0.0,30.1,99.96,0.014,3.36,0.28,3.36,0.0,349.86,0.322,0.98,3.36,0.0,0.0,Whipped Butter
0,0,1,0,402.5,63.0,14.0,3.5,14.0,5.25,0.0,682.5,3.5,385.0,78.75,227.5,21.0,700.0,297.5,4.375,3.5,5.25,8.75,Veg Grilled Sandwich
0,0,1,0,350.0,48.75,12.5,3.75,11.25,5.0,18.75,800.0,5.0,262.5,62.5,212.5,12.5,562.5,250.0,3.75,3.75,5.0,7.5,Masala Toast Sandwich
0,0,1,0,412.5,37.5,22.5,11.25,15.0,2.5,75.0,850.0,3.75,212.5,37.5,250.0,6.25,500.0,412.5,2.5,2.5,2.5,1.25,Cheese Sandwich
0,0,1,0,595.0,56.0,29.75,15.75,22.75,5.25,131.25,1225.0,7.0,315.0,78.75,437.5,14.0,875.0,385.0,7.0,7.0,8.75,3.5,Paneer Sandwich
0,0,1,0,367.5,48.125,15.75,6.125,19.25,1.925,374.5,728.0,3.85,206.5,21.0,278.25,0.0,859.25,218.75,2.275,1.4,2.1,36.75,Egg Sandwich
0,0,1,0,438.75,56.125,19.375,3.25,11.25,2.625,0.0,522.5,31.25,258.75,63.75,230.0,0.0,95.0,76.25,1.875,1.75,11.375,0.625,Peanut Butter and Jelly Sandwich
0,0,1,0,418.25,47.775,12.425,3.15,31.5,1.925,64.75,1104.25,8.05,388.5,40.25,420.0,2.45,273.0,141.75,2.8,1.925,2.275,5.775,Chicken Sandwich
0,0,1,0,801.0,93.825,32.175,8.325,40.5,4.275,121.5,2263.5,13.725,510.75,65.25,675.0,4.275,1012.5,369.0,4.95,3.6,3.15,33.525,Club Sandwich
0,0,1,0,250.25,27.65,9.625,1.4,8.75,2.45,0.0,407.75,5.6,283.5,28.0,148.75,79.625,1771.0,122.5,1.925,0.7,1.225,25.55,Coleslaw Sandwich
0,0,1,0,402.5,70.0,9.625,2.625,15.75,6.125,0.0,875.0,6.125,402.5,105.0,332.5,17.5,1400.0,262.5,3.15,3.85,3.5,14.0,Veggie Delight Sandwich
0,0,1,0,400.0,43.75,15.0,4.375,17.5,5.0,12.5,812.5,5.0,562.5,87.5,375.0,31.25,1125.0,18.75,2.5,3.75,4.375,7.5,Aloo Toast Sandwich
0,0,1,0,472.5,43.75,21.0,8.75,17.5,3.5,43.75,1312.5,3.5,315.0,52.5,350.0,8.75,1750.0,17.5,2.625,3.15,7.0,0.875,Corn and Cheese
0,0,1,0,212.5,35.0,5.0,1.25,7.5,3.125,0.0,750.0,3.75,375.0,25.0,200.0,10.0,1250.0,250.0,1.5,1.875,1.875,12.5,Cucumber and Tomato Sandwich
0,0,1,0,325.0,68.75,4.375,0.625,6.25,1.25,0.0,375.0,37.5,62.5,18.75,187.5,37.5,62.5,25.0,1.25,1.5,1.25,0.625,Jam Sandwich
0,0,1,0,612.5,61.25,26.25,10.5,17.5,3.5,52.5,1032.5,5.25,490.0,61.25,332.5,17.5,875.0,700.0,2.8,1.225,1.05,0.0,Potato and Cheese Sandwich
0,0,1,0,361.25,38.25,19.875,8.125,9.75,1.875,33.75,775.0,4.125,166.25,31.25,205.0,0.0,102.5,121.25,1.875,1.375,1.75,0.5,Bread Butter Sandwich
1,0,0,0,79.5,14.85,0.81,0.15,2.43,0.45,0.0,162.9,1.59,15.96,6.6,42.6,0.0,0.3,12.9,0.99,0.24,0.15,0.09,White Bread
1,0,0,0,81.51,15.675,1.056,0.165,2.937,1.617,0.0,136.29,1.221,66.66,13.53,59.73,0.0,0.33,11.55,0.825,0.429,0.132,0.231,Wheat Bread
1,0,0,0,81.51,14.916,1.386,0.198,3.102,2.112,0.0,128.04,1.386,102.63,19.14,73.92,0.0,0.33,22.11,1.089,0.759,0.264,0.726,Whole Grain Bread
1,0,0,0,85.47,16.665,0.957,0.165,2.805,1.815,0.0,145.53,1.617,61.38,13.53,60.72,0.0,0.33,10.56,0.891,0.429,0.198,1.089,Rye Breads
1,0,0,0,81.18,15.147,1.386,0.198,3.036,2.046,0.0,111.54,1.518,96.69,17.49,75.24,0.0,0.33,17.49,1.056,0.726,0.165,0.495,Brown Bread
1,0,0,0,80.19,14.685,1.155,0.165,3.003,2.046,0.0,128.04,1.221,113.19,23.1,79.86,0.0,0.33,15.84,0.825,0.495,0.264,0.891,Sprouted Grain Bread
1,0,0,0,81.51,14.19,1.056,0.165,2.97,2.31,0.0,151.8,1.32,84.15,26.4,57.75,0.0,0.0,22.11,0.825,0.726,0.198,0.891,Multigrain Bread
1,0,0,0,163.35,28.6,1.98,0.33,4.4,1.1,0.0,291.5,1.1,63.25,13.75,57.75,0.0,0.0,33.55,1.375,0.66,0.165,0.715,Paav Bread
1,0,0,0,154.55,29.37,2.42,0.385,5.225,0.99,0.0,246.95,1.76,55.0,13.75,70.4,0.0,0.0,57.75,1.815,0.77,0.275,0.0,Bun Bread
1,0,0,0,95.2,19.975,0.765,0.17,2.21,1.53,0.0,0.85,0.7225,36.55,37.4,93.5,0.0,0.0,8.5,0.68,0.9265,0.1445,1.36,Brown Rices
1,0,0,0,370.0,79.0,0.8,0.2,7.3,1.3,0.0,1.0,0.12,35.0,24.0,79.0,0.0,0.0,5.0,1.08,0.99,0.08,0.4,Basmati Rices
1,0,0,0,13.0,2.9,0.15,0.0,0.75,0.8,0.0,2.5,1.25,105.5,10.5,8.5,2.75,43.5,4.5,0.25,0.1,0.05,0.25,Baby Corn
1,0,0,0,101.0,21.3,0.4,0.1,4.0,1.8,0.0,7.0,0.35,427.0,44.0,306.0,0.0,0.0,10.0,1.44,2.03,1.29,1.9,Wild Rices
1,0,0,0,123.25,27.55,1.45,0.29,4.35,2.9,0.0,21.75,4.669,391.5,53.65,129.05,9.86,275.5,2.9,0.754,0.3915,0.0435,0.435,Sweet Corns
1,0,0,0,389.0,66.0,7.0,1.0,17.0,10.0,0.0,0.0,1.07,429.0,138.0,180.0,0.0,0.0,54.0,4.72,1.29,0.45,0.0,Rolled Oatss
1,0,0,0,379.0,67.0,6.5,1.0,13.0,10.0,0.0,5.0,0.77,355.0,110.0,180.0,0.0,0.0,54.0,4.72,1.29,0.45,0.0,Quick Oatss
1,0,0,0,389.0,67.0,6.9,1.2,12.0,10.0,0.0,202.0,0.76,259.0,32.0,89.0,0.0,0.0,11.0,1.31,0.27,0.11,0.0,Instant Oatss
1,0,0,0,378.0,68.0,7.0,1.0,14.0,10.0,0.0,0.0,0.99,350.0,138.0,180.0,0.0,0.0,54.0,4.72,1.29,0.45,0.0,Steel-cut Oatss
1,0,0,0,379.0,68.0,6.5,1.0,13.0,10.0,0.0,2.0,1.55,429.0,139.0,410.0,0.0,0.0,52.0,4.72,1.29,0.03,0.0,Oat Groatss
1,0,0,0,354.0,73.5,2.3,0.4,9.9,17.3,0.0,12.0,0.8,452.0,158.0,295.0,0.0,0.0,33.0,3.6,2.2,0.6,1.6,Whole Barleys
1,0,0,0,580.8,121.275,3.795,0.825,16.995,25.74,0.0,4.95,1.32,462.0,57.75,179.85,0.0,0.0,13.2,4.125,2.475,0.0,2.475,Barley Flakess
1,0,0,0,352.0,76.0,1.3,0.3,8.2,15.0,0.0,3.0,0.8,280.0,35.0,109.0,0.0,0.0,8.0,2.5,1.5,0.0,1.5,Barley Gritss
1,0,0,0,168.0,38.155,0.96,0.14,4.86,7.8,0.0,3.0,0.55,167.0,60.5,175.0,0.25,0.0,17.0,0.9,0.85,0.25,1.35,Whole Ryes
1,0,0,0,340.0,71.2,2.5,0.4,11.8,10.7,0.0,2.0,0.9,405.0,138.0,318.0,0.0,0.0,34.0,3.9,2.8,1.1,1.9,Whole Grain Wheat
1,0,0,0,15.0,2.95,0.15,0.0,1.55,0.65,0.0,6.5,0.45,39.5,12.0,35.0,6.6,15.0,8.0,0.75,0.25,0.75,0.55,Sprouts
1,0,0,0,368.0,64.2,6.1,0.7,14.1,7.0,0.0,5.0,2.4,563.0,197.0,457.0,0.0,0.0,47.0,4.6,3.1,2.4,0.9,Whole Grain Quinoa
1,0,0,0,178.5,37.8,1.8,0.45,4.8,1.95,0.0,25.5,0.9,450.0,94.5,435.0,0.0,0.0,46.5,4.2,2.4,1.2,0.0,Foxtail Millets
1,0,0,0,168.78,37.758,1.044,0.174,6.264,3.132,0.0,15.66,2.784,339.3,55.68,509.82,0.0,0.0,19.14,11.658,4.872,1.914,0.0,Barnyard Millets
1,0,0,0,119.0,25.2,1.3,0.3,3.6,7.6,0.0,17.0,1.4,205.0,25.0,211.0,0.0,0.0,17.0,9.3,2.2,0.2,0.0,Little Millets
1,0,0,0,104.0,21.66,1.19,0.25,3.3,1.2,0.0,27.0,0.9,241.0,37.0,293.0,0.0,0.0,27.0,0.9,0.9,0.1,0.0,Kodo Millets
1,0,0,0,202.3,40.29,2.21,0.51,5.27,2.21,0.0,28.9,1.36,595.0,193.8,484.5,0.0,0.0,40.8,5.27,3.06,2.89,0.0,Pearl Millets
1,0,0,0,132.0,27.5,1.1,0.0,3.3,3.3,0.0,2.2,0.66,385.0,149.6,315.7,0.0,0.0,30.8,3.85,1.32,0.55,0.0,White Sorghums
1,0,0,0,107.1,22.95,0.93,0.15,2.19,1.89,0.0,1.5,0.15,105.0,40.8,86.1,0.0,0.0,0.0,1.32,0.84,0.03,0.0,Sorghum Flakes
1,0,0,0,329.0,72.1,3.3,0.7,11.3,6.7,0.0,5.0,2.6,350.0,197.0,287.0,0.0,0.0,0.0,4.4,2.8,0.5,0.0,Whole grain Sorghum
1,1,0,1,148.5,23.05,3.1,0.75,4.85,1.45,0.0,86.5,0.0,59.5,37.0,80.0,0.25,5.5,48.5,1.95,0.7,0.55,0.95,Roti
1,1,0,1,222.75,34.65,5.325,1.275,7.125,1.95,0.0,168.0,0.0,86.25,54.0,84.0,0.375,8.25,55.5,1.65,0.45,1.125,2.625,Paratha
1,0,1,0,135.0,32.5,0.25,0.0,1.0,0.5,0.0,10.0,30.0,405.0,20.0,40.0,100.0,832.5,0.75,3.75,27.5,0.75,0.175,Fruit Juice
1,0,1,0,52.5,12.95,0.0,0.0,0.35,0.0,0.0,38.5,12.95,199.5,14.0,28.0,9.8,77.0,0.0,105.0,28.0,0.14,0.35,Aloe Vera Juice
1,0,1,0,115.0,26.25,1.25,0.0,1.25,1.25,0.0,7.5,22.5,537.5,25.0,25.0,125.0,3915.0,0.625,1.5,70.0,0.9,0.725,Cold-pressed Juice
1,0,1,0,105.0,28.0,0.0,0.0,0.0,0.0,0.0,14.0,24.5,308.0,35.0,35.0,28.0,1991.5,0.175,0.35,35.0,0.7,0.7,Watermelon Juice
1,0,1,0,175.0,45.5,0.0,0.0,0.0,0.0,0.0,17.5,35.0,350.0,45.5,35.0,98.0,164.5,0.385,2.1,35.0,0.35,1.05,Pineapple Juice
1,0,1,0,164.5,38.5,0.0,0.0,3.5,0.0,0.0,3.5,31.5,700.0,42.0,70.0,175.0,787.5,0.35,0.35,38.5,1.4,0.35,Orange Juice
1,0,1,0,161.0,42.7,0.35,0.0,0.35,0.35,0.0,7.0,42.7,297.5,21.0,17.5,46.55,210.0,1.33,17.85,28.0,0.35,0.35,Cranberry Juice
1,0,1,0,136.5,33.25,0.35,0.0,1.75,0.7,0.0,3.5,33.25,581.0,24.5,45.5,109.2,658.0,0.28,0.35,42.0,0.35,0.35,Grapefruit Juice
1,0,1,0,290.5,65.45,4.2,0.7,3.5,3.15,0.0,24.5,58.45,1137.5,126.0,136.5,57.4,0.0,2.1,57.4,35.0,1.05,1.4,Pomegranate Juice
1,0,1,0,164.5,40.95,0.7,0.0,2.1,2.8,0.0,7.0,37.1,472.5,35.0,42.0,122.5,49.0,1.015,1.75,42.0,0.7,0.7,Strawberry Juice
1,0,1,0,224.0,57.75,0.0,0.0,1.75,2.45,0.0,31.5,49.7,959.0,28.0,45.5,70.0,378.0,0.49,1.75,21.0,1.05,0.42,Honeydrew Juice
1,0,1,0,119.0,28.7,0.0,0.0,2.8,3.15,0.0,49.0,27.65,934.5,38.5,66.5,126.0,11837.0,0.28,0.0525,31.5,0.7,0.49,Cantaloupe Juice
1,0,1,0,189.0,47.95,0.7,0.0,2.45,2.8,0.0,31.5,36.05,637.0,49.0,49.0,217.0,1148.0,1.89,6.3,70.0,1.05,0.35,Papaya Juice
1,0,1,0,143.5,33.6,0.7,0.0,3.15,9.8,0.0,241.5,17.15,1120.0,38.5,70.0,17.5,59570.0,1.33,59.15,115.5,1.05,1.05,Carrot Juice
1,0,1,0,110.4,26.4,0.0,0.0,0.24,0.48,0.0,2.4,24.0,256.8,12.0,24.0,16.8,2.4,2.4,0.288,0.12,0.432,0.0,Apple Juice
1,0,1,0,144.0,36.0,0.0,0.0,0.96,0.72,0.0,9.6,31.2,374.4,43.2,38.4,86.4,12.0,24.0,0.384,0.216,2.16,1.44,Mango Juice
1,0,1,0,103.2,24.0,0.0,0.0,1.92,0.48,0.0,132.0,16.8,780.0,55.2,38.4,16.8,36.0,38.4,1.92,0.408,0.12,0.48,Beetroot Juice
1,0,1,0,2.4,0.48,0.0,0.0,0.72,0.72,0.0,12.0,0.0,278.4,19.2,48.0,0.0,0.0,0.024,0.0,9.6,0.12,0.024,Black Coffee
1,0,1,0,278.4,29.52,15.6,9.84,2.64,0.0,55.2,132.0,24.96,331.2,16.8,213.6,0.0,120.0,0.264,0.0,172.8,0.12,0.048,Coffee with cream and sugar
1,0,1,0,4.8,0.96,0.0,0.0,0.24,0.24,0.48,0.0,4.8,0.0,60.0,7.2,24.0,0.0,0.0,0.024,0.0,16.8,0.048,Black Tea
1,0,1,0,177.6,22.8,7.92,5.04,6.24,0.0,26.4,91.2,21.84,369.6,26.4,163.2,0.0,31.2,0.216,0.0,235.2,0.864,0.024,Tea with milk and sugar
1,0,1,0,384.0,52.8,14.4,9.0,15.2,4.8,48.0,276.0,46.8,820.0,94.0,490.0,1.8,272.0,1.5,6.8,500.0,4.8,1.6,Hot Chocolate
1,0,1,0,312.0,48.0,12.0,7.2,9.6,2.4,48.0,120.0,45.6,264.0,12.0,72.0,0.0,0.0,0.0,0.0,0.0,0.0,0.0,Chai
1,0,1,0,2.7,0.54,0.03,0.0,0.27,0.0,0.0,2.1,0.0,43.8,2.4,7.8,0.0,0.0,0.0,0.0,1.8,0.06,0.0,Espresso
1,0,1,0,97.2,9.18,4.14,2.52,5.4,0.0,18.0,100.8,7.92,259.2,19.8,167.4,0.0,72.0,0.18,1.08,185.4,0.18,0.18,Cappuccino
1,0,1,0,2.4,0.24,0.24,0.0,0.72,0.24,0.0,16.8,0.0,180.0,19.2,9.6,0.0,0.0,0.024,1.2,21.6,0.24,0.024,Americano
1,0,1,0,41.6,4.16,2.16,1.36,1.68,0.0,8.0,30.4,4.0,80.0,8.0,16.0,0.0,180.0,0.048,0.08,8.0,0.16,0.024,Macchiato
1,0,1,0,506.4,39.36,23.76,14.16,3.36,0.0,146.4,93.6,33.6,451.2,14.4,93.6,0.0,391.2,2.52,13.2,48.0,0.48,0.192,Irish coffee
1,0,1,0,141.6,21.6,5.28,1.68,4.32,4.32,16.8,96.0,18.72,223.2,45.6,117.6,0.0,984.0,6.0,12.0,427.2,3.6,0.696,Masala chai
1,0,1,0,2.0,0.4,0.0,0.0,0.2,0.0,0.0,12.0,0.4,54.0,2.0,2.0,0.0,0.0,0.0,4.0,0.2,0.02,0.06,Earl Grey tea
1,0,1,0,2.0,0.4,0.0,0.0,0.2,0.0,0.0,2.0,0.4,60.0,4.0,4.0,0.0,0.0,0.0,18.0,0.2,0.02,0.0,Jasmine tea
1,0,1,0,0.0,0.0,0.0,0.0,0.0,0.0,0.0,12.0,0.0,14.0,2.0,0.0,0.0,0.0,0.0,0.0,22.0,0.14,0.14,Rooibos tea
1,0,1,0,0.0,0.4,0.0,0.0,0.2,0.8,0.0,2.0,0.0,160.0,10.0,20.0,0.0,0.0,0.0,0.0,16.0,2.4,0.38,Peppermint tea
1,0,1,0,2.0,0.4,0.0,0.0,0.2,0.4,0.0,6.0,0.4,36.0,4.0,4.0,2.8,0.0,0.0,0.0,12.0,0.2,0.04,Lemon ginger tea
1,0,1,0,381.5,35.0,19.25,12.25,17.5,0.0,84.0,245.0,31.5,567.0,73.5,577.5,0.0,763.0,0.385,9.45,420.0,4.55,1.05,Lavender latte
1,0,1,0,4.8,0.72,0.0,0.0,0.72,0.0,0.0,2.4,0.0,117.6,24.0,117.6,0.0,0.0,0.0,0.0,4.8,1.2,0.216,Cardamom coffee
1,0,1,0,560.0,45.5,26.25,19.95,12.25,0.0,66.5,203.0,33.95,920.5,91.0,525.0,0.0,875.0,5.005,2.45,469.0,27.3,6.125,Golden milk
1,0,1,0,900.0,124.0,28.0,18.0,6.0,0.0,56.0,292.0,104.0,688.0,68.0,176.0,0.0,0.0,0.22,0.0,46.0,10.8,1.0,Dalgona coffee
1,0,1,0,0.3,0.06,0.0,0.0,0.03,0.03,0.0,0.0,0.0,20.1,0.3,4.5,0.0,0.0,0.0,0.0,0.0,0.12,0.006,Red espresso
1,0,1,0,2.0,0.4,0.0,0.0,0.2,0.4,0.0,2.0,0.4,18.0,2.0,12.0,0.0,110.0,0.04,0.0,24.0,0.4,0.06,Chamomile tea
1,0,1,0,3.5,0.35,0.0,0.0,0.35,0.0,0.0,17.5,0.0,210.0,17.5,17.5,0.0,0.0,0.0,0.0,14.0,0.35,0.105,Cold Brew Coffee
1,0,1,0,196.0,40.0,3.2,1.6,5.6,0.0,28.0,68.0,36.0,312.0,16.0,132.0,0.0,72.0,2.8,0.8,264.0,2.8,0.12,Milk Tea
1,0,1,0,245.0,59.0,2.0,0.5,1.5,0.0,10.0,70.0,51.5,50.0,10.0,100.0,50.0,0.0,0.5,0.5,50.0,1.0,0.5,Boba Tea
1,0,1,0,245.0,59.0,2.0,0.5,1.5,0.0,10.0,70.0,51.5,50.0,10.0,100.0,50.0,0.0,0.5,0.5,50.0,1.0,0.5,Bubble Tea
1,0,1,0,148.0,36.0,0.0,0.0,0.0,0.0,0.0,12.0,32.0,148.0,60.0,80.0,0.0,2080.0,6.4,27.2,156.0,2.4,0.4,Hibiscus tea
1,0,1,0,61.0,4.7,3.2,1.9,3.2,0.0,10.0,44.0,5.0,150.0,12.0,93.0,1.1,68.0,0.1,0.1,113.0,0.1,0.4,Normal Milk
1,0,1,0,353.1,62.26,8.8,5.61,8.25,0.0,34.1,176.0,62.26,353.1,31.9,280.5,3.85,355.3,0.66,0.11,304.7,0.11,1.21,Condensed Milk
1,0,1,0,34.0,4.8,0.2,0.06,3.4,0.0,2.0,47.0,5.0,159.0,11.0,97.0,0.0,98.0,0.1,0.1,125.0,0.05,0.4,Skim Milk
1,0,1,0,46.0,5.0,1.0,0.6,3.4,0.0,5.0,48.0,5.0,150.0,12.0,100.0,2.0,496.0,0.11,0.4,122.0,0.1,0.4,Low Fat Milk
1,0,1,0,62.83,4.944,3.399,1.957,3.296,0.0,10.3,51.5,5.15,154.5,10.3,95.79,0.0,153.47,0.103,0.103,128.75,0.103,0.103,Whole Milk
1,0,1,0,55.08,3.978,1.836,0.306,3.366,0.612,0.0,47.94,2.958,120.36,12.24,103.02,0.0,0.0,0.408,0.102,94.86,0.306,0.612,Soya Milk
1,0,1,0,62.22,4.896,3.366,1.938,3.264,0.0,10.2,51.0,5.1,153.0,10.2,94.86,0.0,151.98,0.102,0.102,127.5,0.102,0.102,Cow's Milk
1,0,1,0,71.07,4.635,4.223,2.781,3.708,0.0,11.33,51.5,4.635,210.12,14.42,125.66,0.0,30.9,0.103,0.103,138.02,0.103,0.206,Goat's Milk
1,0,1,0,108.0,5.4,7.2,4.7,5.4,0.0,11.0,50.0,5.4,132.0,14.0,170.0,3.4,127.0,0.1,1.8,193.0,0.1,0.7,Sheep's Milk
1,0,1,0,97.0,4.9,6.9,4.4,4.5,0.0,15.0,50.0,4.9,133.0,11.0,130.0,3.1,61.0,0.2,1.5,197.0,0.1,0.5,Buffalo Milk
1,1,0,1,387.0,40.7,23.9,1.8,6.2,6.7,0.0,2.0,0.0,418.0,91.0,110.0,0.0,0.0,47.0,1.2,1.1,0.24,0.0,Acorn
1,1,0,1,183.67,0.98,18.76,4.228,4.004,0.588,0.0,0.84,0.392,184.52,105.28,203.0,0.0,0.0,44.8,0.7,1.148,1.596,0.0,Brazil nut
1,1,0,1,54.0,14.88,0.12,0.0,1.2,3.36,0.0,3.6,3.12,342.0,52.8,50.4,9.6,127.2,57.6,0.72,0.96,0.72,1.32,butternut
1,1,0,1,200.76,4.032,21.112,4.228,2.156,3.304,0.0,0.0,0.252,175.84,40.88,63.28,0.028,0.0,15.12,1.12,0.448,0.196,0.0,Candlenuts
1,1,0,1,6.993,0.42,0.3066,0.0189,0.4158,0.798,0.0,0.357,0.0126,11.928,5.418,11.928,0.441,0.0,14.469,0.1155,0.0693,0.4158,0.0,Caraway Seed
1,1,0,1,154.85,8.4532,12.278,2.1784,5.1016,0.924,0.0,3.36,1.6548,184.8,81.76,166.04,0.14,0.0,10.36,1.8704,1.6184,0.252,0.0,Cashew
1,1,0,1,156.8,5.1716,12.656,1.806,6.258,0.98,0.0,0.56,1.0052,167.16,70.28,145.04,1.54,0.0,19.88,1.5484,1.3104,1.4924,1.988,Cedar Nut
1,1,0,1,178.92,38.2536,1.8984,0.3696,2.4444,6.804,0.0,3.36,6.7872,497.28,86.52,232.68,27.72,0.0,22.68,0.9828,0.7812,0.21,4.452,Chestnut
1,1,0,1,136.08,11.7936,8.6072,0.9324,4.6312,9.632,0.0,4.48,0.2772,113.96,93.8,0.448,0.0,176.68,2.1616,1.2824,0.0812,0.14,0.0,Chia Seed
1,1,0,1,53.4,2.888,4.216,0.3663,1.829,2.73,0.0,3.0,0.155,81.3,39.2,49.4,0.06,0.0,25.5,0.573,0.434,1.995,0.0,Flax Seed
1,1,0,1,50.96,10.752,0.5012,0.0644,1.3748,0.756,0.0,0.28,0.2324,186.76,25.48,40.04,0.0,0.0,3.64,0.392,0.252,0.4032,0.0,Ginkgo nut
1,1,0,1,175.84,4.676,17.01,1.24964,4.186,2.716,0.0,0.84,1.2152,190.4,45.64,81.2,0.504,5.6,31.92,1.316,0.686,4.2084,3.976,Hazelnut
1,1,0,1,198.51,4.284,20.216,1.484,2.604,0.84,0.0,0.0,1.148,62.44,36.68,81.2,0.168,0.0,11.76,0.392,0.42,0.672,1.54,Heartnuts
1,1,0,1,165.9,0.69,14.7,1.35,9.48,0.36,0.0,2.1,0.42,257.7,147.0,348.0,0.45,0.0,21.0,2.97,2.37,0.24,2.1,Hemp Seed
1,1,0,1,54.04,1.092,5.544,0.42,1.008,0.756,0.0,0.0,0.504,32.48,26.32,29.12,0.336,1.4,5.88,0.392,0.392,0.364,0.98,Hickory Nut
1,1,0,1,135.0,23.0,1.1,0.3,4.3,1.5,0.0,4.0,1.2,448.0,74.0,61.0,13.8,0.0,56.0,1.5,1.1,0.5,6.7,Jackfruit Seed
1,1,0,1,93.8,5.04,0.924,0.252,2.688,2.38,0.0,0.84,0.644,91.0,17.36,47.32,0.0,0.0,0.0,0.0,0.0,0.308,0.476,Kola Nut
1,1,0,1,203.55,3.9123,21.4893,3.43035,2.23965,2.268,0.0,1.4175,1.3041,104.328,36.855,53.298,0.6804,0.0,24.0975,1.16235,0.3402,0.0567,0.0,Macadamia Nut
1,1,0,1,17.25,0.84,1.055,0.135,0.915,0.43,0.0,4.4,0.115,32.75,19.5,22.5,0.0,0.0,46.55,0.495,0.265,0.025,1.25,Nigella Seed
1,1,0,1,160.74,15.0255,6.7473,0.87885,2.1546,5.01795,0.0,0.0,0.0,111.699,20.979,62.937,0.0,0.0,6.237,0.3969,0.19845,0.1134,0.0,Oak Nut
1,1,0,1,160.74,4.572855,13.95954,1.78038,7.3143,2.40975,0.0,5.103,1.33812,199.8675,47.628,106.596,0.0,0.0,26.082,1.29843,0.927045,2.361555,0.25515,Peanut
1,1,0,1,195.89,3.92931,20.4035,1.75203,2.599695,2.7216,0.0,0.0,1.125495,116.235,34.3035,78.5295,0.31185,15.876,19.845,0.717255,1.284255,1.601775,0.99225,Pecan
1,1,0,1,188.44,3.6624,19.1436,1.37172,3.8332,1.036,0.0,0.56,1.0052,167.16,70.28,161.0,2.52,0.0,4.48,1.5484,1.806,2.6124,9.772,Pine Nut
1,1,0,1,157.63,7.6076,12.7092,1.55988,5.768,2.968,0.0,0.28,2.1868,287.0,33.88,137.2,0.644,0.0,8.68,1.0976,0.8344,0.714,0.476,Pistachio
1,1,0,1,72.21,16.791,1.0179,0.087,1.4268,3.045,0.0,2.61,12.4671,179.22,13.92,29.58,5.568,0.0,8.7,0.261,0.3132,0.522,14.268,Pomegranate Aril
1,1,0,1,147.0,7.8764,11.8048,1.38544,5.0372,5.46,0.0,3.92,0.2772,201.32,97.16,231.0,0.224,0.0,3.92,2.604,2.212,2.212,9.548,Poppy Seed
1,1,0,1,35.28,1.4028,1.4,0.28812,1.4616,0.476,0.0,1.96,0.2436,63.0,42.28,73.36,0.168,0.0,12.88,0.3192,0.266,0.4676,0.14,Pumpkin Seed
1,1,0,1,680.8,118.4,11.1,1.85,25.9,12.95,0.0,9.25,1.85,1041.55,364.45,845.45,0.0,3.7,86.95,9.25,5.55,3.7,0.0,Quinoa Seed
1,1,0,1,51.57,2.07,4.5,0.63,1.62,1.08,0.0,0.99,0.0,42.12,31.59,56.61,0.0,0.81,87.75,1.26,0.63,2.25,0.0,Sesame Seed
1,1,0,1,126.0,4.2,6.16,0.84,10.92,2.8,0.0,2.8,0.28,197.12,45.64,135.8,0.0,0.0,15.68,1.68,0.28,0.0,0.0,Soynut
1,1,0,1,168.0,2.8,13.72,2.52,8.4,1.68,0.0,1.4,0.0,257.32,73.36,73.36,0.0,0.0,17.64,3.08,1.68,0.56,0.0,Squash Seed
1,1,0,1,163.51,5.6,14.28,1.4,5.88,2.52,0.0,0.56,0.56,180.6,91.0,184.8,0.28,14.0,21.84,1.4,1.4,10.08,0.28,Sunflower Seed
1,1,0,1,273.0,63.0,0.7,0.0,3.85,5.95,3.5,24.5,52.5,574.0,42.0,108.5,94.5,280.0,2.8,7.0,164.5,1.75,1.26,Smoothie
1,1,0,1,40.0,2.7,0.6,0.09,0.6,0.6,0.0,0.0,0.06,75.0,8.7,15.6,3.0,2.1,0.621,6.3,3.6,0.18,0.18,Avocados
1,1,0,1,200.0,40.0,4.0,0.0,8.0,8.0,0.0,160.0,20.0,1200.0,60.0,120.0,80.0,2400.0,2.0,20.0,200.0,2.0,6.0,Green Smoothie
1,1,0,1,200.0,48.0,2.0,0.0,4.0,4.0,16.0,16.0,36.0,272.0,48.0,212.0,44.0,568.0,1.44,3.6,88.0,76.0,1.6,Blueberry Smoothies
1,1,0,1,126.0,14.0,8.82,0.0,0.0,39.2,0.28,0.0,0.0,0.0,0.0,0.0,428.4,0.0,0.0,0.0,0.392,1.204,1.204,ghee
1,1,0,1,73.2,4.32,3.96,2.52,4.2,0.0,15.6,43.2,3.84,169.2,14.4,109.2,0.0,58.8,0.24,1.08,145.2,0.12,0.48,plain yogurt
1,1,0,1,106.7,3.74,5.83,3.85,9.9,0.0,11.0,57.2,3.85,155.1,16.5,121.0,0.0,24.2,0.11,0.66,146.3,0.22,0.66,greek gogurt
1,1,0,1,63.36,1.184,6.4,4.16,0.832,0.0,19.2,8.96,1.184,25.28,2.24,17.6,0.48,426.56,0.0576,0.16,25.92,0.032,0.096,sour cream
1,1,0,1,40.0,4.8,0.9,0.6,3.3,0.0,3.0,110.0,4.8,151.0,11.0,95.0,0.0,63.0,0.03,0.2,116.0,0.03,0.4,butter milk
1,1,0,1,161.28,6.076,13.832,1.036,5.936,3.5,0.0,0.28,1.232,205.24,75.6,135.52,0.0,0.28,73.92,1.036,0.868,7.168,0.0,Almond
1,0,0,0,145.08,0.468,11.916,7.416,8.964,0.0,37.8,223.56,0.18,35.28,10.08,184.32,0.0,257.4,0.216,0.756,259.56,0.144,1.116,cheese
1,0,0,0,96.03,2.6362,4.214,2.597,10.8976,0.0,10.78,356.72,2.6362,101.92,7.84,135.24,0.098,62.72,0.049,0.098,81.34,0.0882,0.392,cottage cheese
1,0,0,0,34.0,4.8,0.2,0.06,3.4,0.0,2.0,47.0,5.0,159.0,11.0,97.0,0.0,98.0,0.1,0.1,125.0,0.05,0.4,skim milk
1,0,0,0,46.0,5.0,1.0,0.6,3.4,0.0,5.0,48.0,5.0,150.0,12.0,100.0,2.0,496.0,0.11,0.4,122.0,0.1,0.4,low Fat milk
1,0,0,0,62.83,4.944,3.399,1.957,3.296,0.0,10.3,51.5,5.15,154.5,10.3,95.79,0.0,153.47,0.103,0.103,128.75,0.103,0.103,whole milk
1,0,0,0,55.08,3.978,1.836,0.306,3.366,0.612,0.0,47.94,2.958,120.36,12.24,103.02,0.0,0.0,0.408,0.102,94.86,0.306,0.612,soya milk
1,0,0,0,62.22,4.896,3.366,1.938,3.264,0.0,10.2,51.0,5.1,153.0,10.2,94.86,0.0,151.98,0.102,0.102,127.5,0.102,0.102,cow's milk
1,0,0,0,71.07,4.635,4.223,2.781,3.708,0.0,11.33,51.5,4.635,210.12,14.42,125.66,0.0,30.9,0.103,0.103,138.02,0.103,0.206,goat's milk
1,0,0,0,108.0,5.4,7.2,4.7,5.4,0.0,11.0,50.0,5.4,132.0,14.0,170.0,3.4,127.0,0.1,1.8,193.0,0.1,0.7,sheep's milk
1,0,0,0,97.0,4.9,6.9,4.4,4.5,0.0,15.0,50.0,4.9,133.0,11.0,130.0,3.1,61.0,0.2,1.5,197.0,0.1,0.5,buffalo milk
1,0,0,0,384.0,52.8,14.4,9.0,15.2,4.8,48.0,276.0,46.8,820.0,94.0,490.0,1.8,272.0,1.5,6.8,500.0,4.8,1.6,hot choclate
1,0,0,0,1781.5,213.5,87.5,52.5,17.5,2.45,210.0,763.0,203.0,1134.0,252.0,906.5,0.0,875.0,0.7,2.1,651.0,11.55,1.75,white hot chocolate
1,0,0,0,1298.5,185.5,52.5,42.0,21.0,7.0,3.5,395.5,150.5,1578.5,252.0,742.0,0.7,262.5,3.85,3.5,822.5,11.55,8.05,coconut hot chocolate
1,0,0,0,1715.0,164.5,80.5,42.0,49.0,14.0,80.5,514.5,136.5,1246.0,427.0,1001.0,0.0,525.0,3.885,2.1,1428.0,17.15,3.85,peanut butter hot chocolate
1,0,0,0,1480.5,185.5,73.5,42.0,24.5,17.5,80.5,528.5,150.5,1459.5,269.5,840.0,0.35,500.5,2.8,1.75,689.5,13.65,3.15,mint hot chocolate
1,0,0,0,420.0,59.5,11.2,7.35,17.85,0.35,56.0,364.0,59.5,882.0,70.0,637.0,1.4,514.5,1.4,0.35,581.0,0.7,1.855,milkshakes
1,0,0,0,571.5,99.0,11.25,7.2,19.8,0.0,58.5,436.5,90.0,936.0,63.0,553.5,0.0,711.0,0.9,0.45,657.0,1.35,1.71,frappuccino
1,0,0,0,2035.0,22.0,38.0,13.5,390.0,6.5,1145.0,3390.0,18.5,10200.0,785.0,7800.0,0.0,10200.0,0.5,0.5,3950.0,74.5,61.0,protein shake
1,0,0,0,420.0,63.0,7.0,3.5,17.5,0.0,70.0,175.0,52.5,700.0,87.5,350.0,105.0,1750.0,1.75,17.5,700.0,5.25,1.75,mango Lassi
1,0,0,0,931.5,117.0,36.45,22.95,27.45,0.0,144.0,711.0,112.5,1282.5,112.5,1093.5,0.0,1804.5,1.035,1.8,949.5,6.3,3.6,vanilla Milkshake
1,0,0,0,913.5,117.0,36.45,22.95,27.45,4.05,144.0,679.5,112.5,1192.5,198.0,954.0,0.0,828.0,2.475,1.8,2.7,0.45,0.0,chocolate Milkshake
1,0,0,0,891.0,103.5,49.5,9.0,13.5,0.0,40.5,391.5,67.5,904.5,364.5,562.5,0.0,0.0,4.68,0.0,112.5,8.91,3.015,cashew Milkshake
1,0,0,0,71.5,0.55,4.75,1.35,6.3,0.0,186.5,71.0,0.05,69.0,5.0,101.0,0.0,74.5,25.0,1.35,0.65,0.55,0.0,Eggs
1,0,0,0,475.0,19.4,40.5,9.7,13.2,17.2,0.0,3.0,2.3,534.0,235.0,380.0,0.0,0.0,88.0,1.8,1.1,0.0,0.0,baru Nuts
1,0,0,0,567.0,13.8,53.6,5.5,10.6,5.9,0.0,0.0,0.0,355.0,251.0,266.0,0.0,0.0,22.0,1.1,2.7,0.0,0.0,beech Nuts
1,0,0,0,691.0,13.7,69.1,6.8,15.2,6.8,0.0,0.0,2.6,441.0,464.0,410.0,0.0,0.0,61.0,2.9,3.1,0.0,0.0,black Walnut
1,0,0,0,165.9,0.69,14.7,1.35,9.48,0.36,0.0,2.1,0.42,257.7,147.0,348.0,0.45,0.0,21.0,2.97,2.37,0.24,2.1,hemp seeds
1,0,0,0,680.8,118.4,11.1,1.85,25.9,12.95,0.0,9.25,1.85,1041.55,364.45,845.45,0.0,3.7,86.95,9.25,5.55,3.7,0.0,quinoa seeds
1,0,0,0,126.0,4.2,6.16,0.84,10.92,2.8,0.0,2.8,0.28,197.12,45.64,135.8,0.0,0.0,15.68,1.68,0.28,0.0,0.0,soynuts
1,0,0,0,168.0,2.8,13.72,2.52,8.4,1.68,0.0,1.4,0.0,257.32,73.36,73.36,0.0,0.0,17.64,3.08,1.68,0.56,0.0,squash seeds
1,0,0,0,557.0,11.0,49.0,10.0,28.0,4.0,0.0,5.0,2.0,648.0,515.0,648.0,0.0,0.0,0.0,7.0,0.0,0.0,0.0,watermelon seeds
1,0,0,0,402.5,63.0,14.0,3.5,14.0,5.25,0.0,682.5,3.5,385.0,78.75,227.5,21.0,700.0,297.5,4.375,3.5,5.25,8.75,veg grilled sandwich
1,0,0,0,412.5,37.5,22.5,11.25,15.0,2.5,75.0,850.0,3.75,212.5,37.5,250.0,6.25,500.0,412.5,2.5,2.5,2.5,1.25,cheese sandwich
1,0,0,0,595.0,56.0,29.75,15.75,22.75,5.25,131.25,1225.0,7.0,315.0,78.75,437.5,14.0,875.0,385.0,7.0,7.0,8.75,3.5,paneer sandwich
1,0,0,0,367.5,48.125,15.75,6.125,19.25,1.925,374.5,728.0,3.85,206.5,21.0,278.25,0.0,859.25,218.75,2.275,1.4,2.1,36.75,egg sandwich
1,0,0,0,438.75,56.125,19.375,3.25,11.25,2.625,0.0,522.5,31.25,258.75,63.75,230.0,0.0,95.0,76.25,1.875,1.75,11.375,0.625,peanut butter and jelly sandwich
1,0,0,0,418.25,47.775,12.425,3.15,31.5,1.925,64.75,1104.25,8.05,388.5,40.25,420.0,2.45,273.0,141.75,2.8,1.925,2.275,5.775,chicken sandwich
1,0,0,0,801.0,93.825,32.175,8.325,40.5,4.275,121.5,2263.5,13.725,510.75,65.25,675.0,4.275,1012.5,369.0,4.95,3.6,3.15,33.525,club sandwich
1,0,0,0,402.5,70.0,9.625,2.625,15.75,6.125,0.0,875.0,6.125,402.5,105.0,332.5,17.5,1400.0,262.5,3.15,3.85,3.5,14.0,vegie delight sandwich
1,0,0,0,472.5,43.75,21.0,8.75,17.5,3.5,43.75,1312.5,3.5,315.0,52.5,350.0,8.75,1750.0,17.5,2.625,3.15,7.0,0.875,corn and cheese sandwich
1,0,0,0,477.1,94.9,3.12,0.65,17.29,10.4,0.0,46.8,3.12,555.1,239.2,477.1,0.0,0.0,234.0,9.88,2.73,4.03,0.0,mixed teff
1,0,0,0,341.0,58.3,1.5,0.4,26.1,25.0,0.0,13.0,0.4,1093.0,192.0,367.0,10.7,60.0,1.45,36.0,103.0,2.7,1.5,fava beans
1,0,0,0,121.0,11.1,5.2,0.7,10.1,5.2,0.0,6.0,2.4,484.0,118.0,202.0,3.0,79.0,0.7,17.8,5.0,2.7,0.6,edamame beans
1,0,0,0,127.0,22.8,0.5,0.1,9.0,6.4,0.0,24.0,0.3,406.0,78.0,143.0,4.0,0.0,1.8,8.5,15.0,2.6,1.0,kidney beans
1,0,0,0,347.0,63.38,1.46,0.42,25.23,19.2,0.0,9.0,0.0,1664.0,0.0,276.0,1.4,0.0,0.0,7.2,50.0,13.4,7.5,velvet beans
1,0,0,0,341.0,60.13,1.26,0.24,23.58,15.4,0.0,6.0,2.87,1407.0,0.0,354.0,1.8,0.0,0.0,29.0,43.0,6.8,4.2,pink beans
1,0,0,0,347.0,62.65,1.16,0.15,21.42,15.4,0.0,6.0,2.4,1392.0,0.0,374.0,1.3,0.0,0.0,24.0,55.0,2.4,4.2,pintobeans
1,0,0,0,200.13,4.0959,0.8658,74.259,78.588,0.0,79.92,6.993,4685.31,406.26,1478.52,2.664,0.0,476.19,0.0,0.0,14.985,14.652,0.666,navy beans
